Date,Precipitation(mm)
1/1/2008,"	0"
1/2/2008,"	1"
1/3/2008,"	16.1"
1/4/2008,"	14.5"
1/5/2008,"	11.9"
1/6/2008,"	0.2"
1/7/2008,"	0.2"
1/8/2008,"	0.2"
1/9/2008,"	0"
1/10/2008,"	5.6"
1/11/2008,"	136.5"
1/12/2008,"	12.5"
1/13/2008,"	0"
1/14/2008,"	28.8"
1/15/2008,"	8"
1/16/2008,"	8.1"
1/17/2008,"	0"
1/18/2008,"	0"
1/19/2008,"	0"
1/20/2008,"	0"
1/21/2008,"	0"
1/22/2008,"	0"
1/23/2008,"	0"
1/24/2008,"	0"
1/25/2008,"	0"
1/26/2008,"	0"
1/27/2008,"	0"
1/28/2008,"	0"
1/29/2008,"	0"
1/30/2008,"	0"
1/31/2008,"	0"
2/1/2008,"	4.4"
2/2/2008,"	0.2"
2/3/2008,"	0.4"
2/4/2008,"	21.8"
2/5/2008,"	0"
2/6/2008,"	0"
2/7/2008,"	0"
2/8/2008,"	0"
2/9/2008,"	0.2"
2/10/2008,"	0"
2/11/2008,"	0.2"
2/12/2008,"	0.2"
2/13/2008,"	0"
2/14/2008,"	0.2"
2/15/2008,"	0.2"
2/16/2008,"	0"
2/17/2008,"	0"
2/18/2008,"	0"
2/19/2008,"	0.2"
2/20/2008,"	0"
2/21/2008,"	0.2"
2/22/2008,"	0"
2/23/2008,"	0"
2/24/2008,"	0"
2/25/2008,"	0"
2/26/2008,"	0"
2/27/2008,"	0.4"
2/28/2008,"	0"
2/29/2008,"	0.2"
3/1/2008,"	0"
3/2/2008,"	0"
3/3/2008,"	0.2"
3/4/2008,"	0.2"
3/5/2008,"	0"
3/6/2008,"	0.6"
3/7/2008,"	0.2"
3/8/2008,"	0.8"
3/9/2008,"	3.4"
3/10/2008,"	19"
3/11/2008,"	0.2"
3/12/2008,"	0"
3/13/2008,"	0"
3/14/2008,"	0.2"
3/15/2008,"	0.6"
3/16/2008,"	0"
3/17/2008,"	0"
3/18/2008,"	0"
3/19/2008,"	8.1"
3/20/2008,"	0"
3/21/2008,"	0"
3/22/2008,"	0"
3/23/2008,"	4.8"
3/24/2008,"	1.6"
3/25/2008,"	0.2"
3/26/2008,"	0"
3/27/2008,"	0.4"
3/28/2008,"	0.2"
3/29/2008,"	0"
3/30/2008,"	0"
3/31/2008,"	0"
4/1/2008,"	0"
4/2/2008,"	0"
4/3/2008,"	0"
4/4/2008,"	0"
4/5/2008,"	0"
4/6/2008,"	0"
4/7/2008,"	0"
4/8/2008,"	1.6"
4/9/2008,"	16.5"
4/10/2008,"	9.6"
4/11/2008,"	17.7"
4/12/2008,"	6.5"
4/13/2008,"	0.4"
4/14/2008,"	7.7"
4/15/2008,"	0"
4/16/2008,"	0"
4/17/2008,"	7.2"
4/18/2008,"	17.5"
4/19/2008,"	0"
4/20/2008,"	22.8"
4/21/2008,"	0.2"
4/22/2008,"	0"
4/23/2008,"	0"
4/24/2008,"	0"
4/25/2008,"	0"
4/26/2008,"	0"
4/27/2008,"	0"
4/28/2008,"	8.1"
4/29/2008,"	0"
4/30/2008,"	3.6"
5/1/2008,"	0"
5/2/2008,"	0"
5/3/2008,"	0"
5/4/2008,"	0"
5/5/2008,"	5.2"
5/6/2008,"	0"
5/7/2008,"	0"
5/8/2008,"	0"
5/9/2008,"	0"
5/10/2008,"	0"
5/11/2008,"	0.6"
5/12/2008,"	1.2"
5/13/2008,"	0"
5/14/2008,"	0"
5/15/2008,"	0.2"
5/16/2008,"	16.3"
5/17/2008,"	22.6"
5/18/2008,"	1"
5/19/2008,"	5.8"
5/20/2008,"	0"
5/21/2008,"	18.7"
5/22/2008,"	0.2"
5/23/2008,"	2.8"
5/24/2008,"	2"
5/25/2008,"	8.5"
5/26/2008,"	5.8"
5/27/2008,"	2"
5/28/2008,"	8.3"
5/29/2008,"	9.2"
5/30/2008,"	1.8"
5/31/2008,"	0"
6/1/2008,"	5"
6/2/2008,"	2.5"
6/3/2008,"	0.2"
6/4/2008,"	7.8"
6/5/2008,"	6.7"
6/6/2008,"	10.5"
6/7/2008,"	11.9"
6/8/2008,"	5"
6/9/2008,"	11.6"
6/10/2008,"	0.2"
6/11/2008,"	0.2"
6/12/2008,"	0.2"
6/13/2008,"	3"
6/14/2008,"	13.3"
6/15/2008,"	0.2"
6/16/2008,"	0"
6/17/2008,"	9.5"
6/18/2008,"	0"
6/19/2008,"	0.2"
6/20/2008,"	0.2"
6/21/2008,"	0"
6/22/2008,"	0"
6/23/2008,"	0"
6/24/2008,"	0"
6/25/2008,"	0"
6/26/2008,"	0"
6/27/2008,"	0.6"
6/28/2008,"	0"
6/29/2008,"	0"
6/30/2008,"	0"
7/1/2008,"	0"
7/2/2008,"	0"
7/3/2008,"	0.2"
7/4/2008,"	0.2"
7/5/2008,"	0.2"
7/6/2008,"	2.4"
7/7/2008,"	2.5"
7/8/2008,"	0.8"
7/9/2008,"	0.2"
7/10/2008,"	0"
7/11/2008,"	0"
7/12/2008,"	0.2"
7/13/2008,"	0.4"
7/14/2008,"	8.6"
7/15/2008,"	0"
7/16/2008,"	0"
7/17/2008,"	0"
7/18/2008,"	0.2"
7/19/2008,"	0"
7/20/2008,"	0.8"
7/21/2008,"	0"
7/22/2008,"	0"
7/23/2008,"	0"
7/24/2008,"	0"
7/25/2008,"	0"
7/26/2008,"	0"
7/27/2008,"	0.6"
7/28/2008,"	20.6"
7/29/2008,"	1.2"
7/30/2008,"	0"
7/31/2008,"	0"
8/1/2008,"	0"
8/2/2008,"	0"
8/3/2008,"	0.2"
8/4/2008,"	0.2"
8/5/2008,"	0"
8/6/2008,"	0.2"
8/7/2008,"	0"
8/8/2008,"	0"
8/9/2008,"	0"
8/10/2008,"	0"
8/11/2008,"	1.6"
8/12/2008,"	3.4"
8/13/2008,"	0"
8/14/2008,"	0.8"
8/15/2008,"	3.4"
8/16/2008,"	0"
8/17/2008,"	0"
8/18/2008,"	0.2"
8/19/2008,"	0.2"
8/20/2008,"	0"
8/21/2008,"	0"
8/22/2008,"	0"
8/23/2008,"	0"
8/24/2008,"	0"
8/25/2008,"	0.4"
8/26/2008,"	0"
8/27/2008,"	0"
8/28/2008,"	2.8"
8/29/2008,"	0"
8/30/2008,"	0"
8/31/2008,"	0"
9/1/2008,"	0"
9/2/2008,"	0.2"
9/3/2008,"	0"
9/4/2008,"	7.3"
9/5/2008,"	0.2"
9/6/2008,"	3.6"
9/7/2008,"	0"
9/8/2008,"	0.2"
9/9/2008,"	0"
9/10/2008,"	0"
9/11/2008,"	1.8"
9/12/2008,"	0.2"
9/13/2008,"	2.6"
9/14/2008,"	0.2"
9/15/2008,"	5"
9/16/2008,"	0.2"
9/17/2008,"	0.2"
9/18/2008,"	3.4"
9/19/2008,"	1.2"
9/20/2008,"	0"
9/21/2008,"	9.7"
9/22/2008,"	0.8"
9/23/2008,"	0"
9/24/2008,"	0.6"
9/25/2008,"	0"
9/26/2008,"	0"
9/27/2008,"	0.2"
9/28/2008,"	0.2"
9/29/2008,"	0"
9/30/2008,"	0.2"
10/1/2008,"	0.2"
10/2/2008,"	0"
10/3/2008,"	0"
10/4/2008,"	0"
10/5/2008,"	0"
10/6/2008,"	0.2"
10/7/2008,"	0"
10/8/2008,"	0"
10/9/2008,"	0"
10/10/2008,"	0.2"
10/11/2008,"	0"
10/12/2008,"	0"
10/13/2008,"	0"
10/14/2008,"	0"
10/15/2008,"	0.2"
10/16/2008,"	0"
10/17/2008,"	0"
10/18/2008,"	0"
10/19/2008,"	0"
10/20/2008,"	0"
10/21/2008,"	0"
10/22/2008,"	0.6"
10/23/2008,"	0.4"
10/24/2008,"	1.2"
10/25/2008,"	0.2"
10/26/2008,"	0.2"
10/27/2008,"	0.2"
10/28/2008,"	35.1"
10/29/2008,"	19.8"
10/30/2008,"	14.1"
10/31/2008,"	24.5"
11/1/2008,"	0"
11/2/2008,"	40.8"
11/3/2008,"	12.9"
11/4/2008,"	40.6"
11/5/2008,"	16.9"
11/6/2008,"	10.1"
11/7/2008,"	0"
11/8/2008,"	0"
11/9/2008,"	0"
11/10/2008,"	0"
11/11/2008,"	3.2"
11/12/2008,"	2.6"
11/13/2008,"	0.2"
11/14/2008,"	0"
11/15/2008,"	0.2"
11/16/2008,"	0"
11/17/2008,"	0"
11/18/2008,"	0"
11/19/2008,"	0.2"
11/20/2008,"	0.2"
11/21/2008,"	0"
11/22/2008,"	0"
11/23/2008,"	10"
11/24/2008,"	0"
11/25/2008,"	0"
11/26/2008,"	0"
11/27/2008,"	8.9"
11/28/2008,"	4"
11/29/2008,"	24.2"
11/30/2008,"	20"
12/1/2008,"	8.5"
12/2/2008,"	0"
12/3/2008,"	0"
12/4/2008,"	7.4"
12/5/2008,"	2.2"
12/6/2008,"	0.2"
12/7/2008,"	0"
12/8/2008,"	0"
12/9/2008,"	13.5"
12/10/2008,"	18.1"
12/11/2008,"	4.4"
12/12/2008,"	0"
12/13/2008,"	16.6"
12/14/2008,"	59.5"
12/15/2008,"	15"
12/16/2008,"	12.5"
12/17/2008,"	0.2"
12/18/2008,"	0.2"
12/19/2008,"	0"
12/20/2008,"	0"
12/21/2008,"	0"
12/22/2008,"	0"
12/23/2008,"	0"
12/24/2008,"	0"
12/25/2008,"	0.6"
12/26/2008,"	0"
12/27/2008,"	0"
12/28/2008,"	0"
12/29/2008,"	0.4"
12/30/2008,"	1"
12/31/2008,"	11.9"
1/1/2009,"	0.2"
1/2/2009,"	0.2"
1/3/2009,"	0"
1/4/2009,"	0"
1/5/2009,"	0"
1/6/2009,"	16"
1/7/2009,"	0"
1/8/2009,"	2"
1/9/2009,"	0"
1/10/2009,"	0"
1/11/2009,"	0"
1/12/2009,"	0"
1/13/2009,"	0"
1/14/2009,"	0"
1/15/2009,"	0"
1/16/2009,"	0"
1/17/2009,"	0"
1/18/2009,"	0"
1/19/2009,"	47.8"
1/20/2009,"	1"
1/21/2009,"	0.2"
1/22/2009,"	0"
1/23/2009,"	4.8"
1/24/2009,"	3.2"
1/25/2009,"	0.2"
1/26/2009,"	1"
1/27/2009,"	0"
1/28/2009,"	0"
1/29/2009,"	0"
1/30/2009,"	0"
1/31/2009,"	0.2"
2/1/2009,"	1.4"
2/2/2009,"	11.8"
2/3/2009,"	1"
2/4/2009,"	5.4"
2/5/2009,"	53.9"
2/6/2009,"	61.6"
2/7/2009,"	0.2"
2/8/2009,"	0.2"
2/9/2009,"	0"
2/10/2009,"	0.2"
2/11/2009,"	0"
2/12/2009,"	0"
2/13/2009,"	0"
2/14/2009,"	0"
2/15/2009,"	0"
2/16/2009,"	0"
2/17/2009,"	0"
2/18/2009,"	0"
2/19/2009,"	0"
2/20/2009,"	0"
2/21/2009,"	0"
2/22/2009,"	0"
2/23/2009,"	0"
2/24/2009,"	0"
2/25/2009,"	0"
2/26/2009,"	0"
2/27/2009,"	0.2"
2/28/2009,"	0"
3/1/2009,"	0.2"
3/2/2009,"	9.1"
3/3/2009,"	0.4"
3/4/2009,"	23.8"
3/5/2009,"	5.8"
3/6/2009,"	0"
3/7/2009,"	0"
3/8/2009,"	0"
3/9/2009,"	0"
3/10/2009,"	0"
3/11/2009,"	0"
3/12/2009,"	0"
3/13/2009,"	0"
3/14/2009,"	0"
3/15/2009,"	0"
3/16/2009,"	0"
3/17/2009,"	0"
3/18/2009,"	0"
3/19/2009,"	0"
3/20/2009,"	0"
3/21/2009,"	0"
3/22/2009,"	0"
3/23/2009,"	0"
3/24/2009,"	0"
3/25/2009,"	0"
3/26/2009,"	0"
3/27/2009,"	0"
3/28/2009,"	11.7"
3/29/2009,"	18.5"
3/30/2009,"	0.2"
3/31/2009,"	8.3"
4/1/2009,"	13.9"
4/2/2009,"	4.9"
4/3/2009,"	0"
4/4/2009,"	0.6"
4/5/2009,"	0"
4/6/2009,"	12.9"
4/7/2009,"	0.6"
4/8/2009,"	0"
4/9/2009,"	0"
4/10/2009,"	0"
4/11/2009,"	0"
4/12/2009,"	0"
4/13/2009,"	0"
4/14/2009,"	0"
4/15/2009,"	16.3"
4/16/2009,"	25.5"
4/17/2009,"	0"
4/18/2009,"	2.4"
4/19/2009,"	0.2"
4/20/2009,"	0"
4/21/2009,"	0"
4/22/2009,"	0"
4/23/2009,"	0.8"
4/24/2009,"	14.6"
4/25/2009,"	1.8"
4/26/2009,"	24.4"
4/27/2009,"	38.5"
4/28/2009,"	0"
4/29/2009,"	0"
4/30/2009,"	0"
5/1/2009,"	0"
5/2/2009,"	0"
5/3/2009,"	0"
5/4/2009,"	8.5"
5/5/2009,"	0.2"
5/6/2009,"	0"
5/7/2009,"	0"
5/8/2009,"	0"
5/9/2009,"	0"
5/10/2009,"	0"
5/11/2009,"	0"
5/12/2009,"	0"
5/13/2009,"	0"
5/14/2009,"	3.4"
5/15/2009,"	15.1"
5/16/2009,"	0.2"
5/17/2009,"	0"
5/18/2009,"	0"
5/19/2009,"	0"
5/20/2009,"	0.2"
5/21/2009,"	0"
5/22/2009,"	0"
5/23/2009,"	0"
5/24/2009,"	0"
5/25/2009,"	0"
5/26/2009,"	0"
5/27/2009,"	0"
5/28/2009,"	0"
5/29/2009,"	0"
5/30/2009,"	0"
5/31/2009,"	4.8"
6/1/2009,"	50.3"
6/2/2009,"	0"
6/3/2009,"	2.2"
6/4/2009,"	0"
6/5/2009,"	0"
6/6/2009,"	11.7"
6/7/2009,"	0"
6/8/2009,"	0"
6/9/2009,"	8.3"
6/10/2009,"	0.2"
6/11/2009,"	0"
6/12/2009,"	0"
6/13/2009,"	0"
6/14/2009,"	0"
6/15/2009,"	0"
6/16/2009,"	0"
6/17/2009,"	0"
6/18/2009,"	0"
6/19/2009,"	0"
6/20/2009,"	0.4"
6/21/2009,"	0"
6/22/2009,"	0.6"
6/23/2009,"	0"
6/24/2009,"	0"
6/25/2009,"	0"
6/26/2009,"	9.5"
6/27/2009,"	0.2"
6/28/2009,"	0.2"
6/29/2009,"	7.1"
6/30/2009,"	5"
7/1/2009,"	11"
7/2/2009,"	1.4"
7/3/2009,"	0"
7/4/2009,"	0"
7/5/2009,"	0"
7/6/2009,"	0"
7/7/2009,"	0"
7/8/2009,"	0"
7/9/2009,"	0"
7/10/2009,"	0"
7/11/2009,"	0"
7/12/2009,"	0"
7/13/2009,"	0"
7/14/2009,"	0"
7/15/2009,"	0"
7/16/2009,"	0"
7/17/2009,"	0"
7/18/2009,"	0"
7/19/2009,"	0"
7/20/2009,"	0"
7/21/2009,"	0"
7/22/2009,"	0"
7/23/2009,"	0"
7/24/2009,"	0"
7/25/2009,"	0"
7/26/2009,"	0"
7/27/2009,"	0"
7/28/2009,"	0"
7/29/2009,"	0"
7/30/2009,"	0"
7/31/2009,"	0"
8/1/2009,"	0"
8/2/2009,"	0"
8/3/2009,"	0"
8/4/2009,"	0"
8/5/2009,"	0"
8/6/2009,"	0"
8/7/2009,"	0"
8/8/2009,"	45.7"
8/9/2009,"	0"
8/10/2009,"	0"
8/11/2009,"	0"
8/12/2009,"	0"
8/13/2009,"	0"
8/14/2009,"	2"
8/15/2009,"	0"
8/16/2009,"	16.1"
8/17/2009,"	0.2"
8/18/2009,"	0"
8/19/2009,"	0"
8/20/2009,"	0"
8/21/2009,"	0"
8/22/2009,"	0"
8/23/2009,"	5.5"
8/24/2009,"	0"
8/25/2009,"	0"
8/26/2009,"	0"
8/27/2009,"	1.6"
8/28/2009,"	0"
8/29/2009,"	0"
8/30/2009,"	0"
8/31/2009,"	0"
9/1/2009,"	0"
9/2/2009,"	0"
9/3/2009,"	0"
9/4/2009,"	0"
9/5/2009,"	0"
9/6/2009,"	0"
9/7/2009,"	0"
9/8/2009,"	0"
9/9/2009,"	0"
9/10/2009,"	0"
9/11/2009,"	0"
9/12/2009,"	1.6"
9/13/2009,"	6.7"
9/14/2009,"	1.4"
9/15/2009,"	16.5"
9/16/2009,"	12.9"
9/17/2009,"	0.2"
9/18/2009,"	21.6"
9/19/2009,"	0"
9/20/2009,"	0.6"
9/21/2009,"	0"
9/22/2009,"	0"
9/23/2009,"	0"
9/24/2009,"	0"
9/25/2009,"	0"
9/26/2009,"	0"
9/27/2009,"	0"
9/28/2009,"	0"
9/29/2009,"	0.2"
9/30/2009,"	0"
10/1/2009,"	6.9"
10/2/2009,"	3.6"
10/3/2009,"	0"
10/4/2009,"	0"
10/5/2009,"	0.2"
10/6/2009,"	0"
10/7/2009,"	0"
10/8/2009,"	3"
10/9/2009,"	0.2"
10/10/2009,"	1.2"
10/11/2009,"	0"
10/12/2009,"	0"
10/13/2009,"	0"
10/14/2009,"	0"
10/15/2009,"	0"
10/16/2009,"	0"
10/17/2009,"	15.3"
10/18/2009,"	0"
10/19/2009,"	0"
10/20/2009,"	1.2"
10/21/2009,"	37.4"
10/22/2009,"	3.2"
10/23/2009,"	0"
10/24/2009,"	0"
10/25/2009,"	0"
10/26/2009,"	0"
10/27/2009,"	0"
10/28/2009,"	0"
10/29/2009,"	0"
10/30/2009,"	0"
10/31/2009,"	0"
11/1/2009,"	3"
11/2/2009,"	12.9"
11/3/2009,"	0"
11/4/2009,"	0"
11/5/2009,"	0.2"
11/6/2009,"	0.2"
11/7/2009,"	1.4"
11/8/2009,"	0"
11/9/2009,"	0"
11/10/2009,"	0"
11/11/2009,"	0.2"
11/12/2009,"	0"
11/13/2009,"	0"
11/14/2009,"	0"
11/15/2009,"	0.8"
11/16/2009,"	0.2"
11/17/2009,"	0"
11/18/2009,"	0"
11/19/2009,"	0"
11/20/2009,"	0"
11/21/2009,"	0"
11/22/2009,"	0.2"
11/23/2009,"	0"
11/24/2009,"	0"
11/25/2009,"	0"
11/26/2009,"	0"
11/27/2009,"	0"
11/28/2009,"	2"
11/29/2009,"	65.4"
11/30/2009,"	12.3"
12/1/2009,"	0"
12/2/2009,"	0"
12/3/2009,"	12.9"
12/4/2009,"	0"
12/5/2009,"	0"
12/6/2009,"	0"
12/7/2009,"	4.6"
12/8/2009,"	0.2"
12/9/2009,"	0.2"
12/10/2009,"	0"
12/11/2009,"	0"
12/12/2009,"	4"
12/13/2009,"	0"
12/14/2009,"	0.2"
12/15/2009,"	0"
12/16/2009,"	0"
12/17/2009,"	0"
12/18/2009,"	0.5"
12/19/2009,"	0.6"
12/20/2009,"	0"
12/21/2009,"	40"
12/22/2009,"	32.7"
12/23/2009,"	17.3"
12/24/2009,"	58.7"
12/25/2009,"	0"
12/26/2009,"	0"
12/27/2009,"	0"
12/28/2009,"	2.2"
12/29/2009,"	7.9"
12/30/2009,"	0.2"
12/31/2009,"	8.7"
1/1/2010,"	0.4"
1/2/2010,"	0"
1/3/2010,"	5"
1/4/2010,"	5.6"
1/5/2010,"	0"
1/6/2010,"	0"
1/7/2010,"	15"
1/8/2010,"	13"
1/9/2010,"	10.5"
1/10/2010,"	0.2"
1/11/2010,"	0"
1/12/2010,"	1.8"
1/13/2010,"	1.2"
1/14/2010,"	1.6"
1/15/2010,"	0"
1/16/2010,"	0.2"
1/17/2010,"	0"
1/18/2010,"	0"
1/19/2010,"	0"
1/20/2010,"	0.2"
1/21/2010,"	0"
1/22/2010,"	0"
1/23/2010,"	0"
1/24/2010,"	0"
1/25/2010,"	0.8"
1/26/2010,"	0"
1/27/2010,"	0"
1/28/2010,"	0"
1/29/2010,"	0.2"
1/30/2010,"	0"
1/31/2010,"	0"
2/1/2010,"	0"
2/2/2010,"	0"
2/3/2010,"	0"
2/4/2010,"	6.5"
2/5/2010,"	15.3"
2/6/2010,"	0"
2/7/2010,"	0"
2/8/2010,"	1"
2/9/2010,"	0.2"
2/10/2010,"	0"
2/11/2010,"	8"
2/12/2010,"	0"
2/13/2010,"	0"
2/14/2010,"	0.4"
2/15/2010,"	0"
2/16/2010,"	0.2"
2/17/2010,"	25"
2/18/2010,"	5.8"
2/19/2010,"	13.2"
2/20/2010,"	0.2"
2/21/2010,"	3"
2/22/2010,"	10.1"
2/23/2010,"	0"
2/24/2010,"	0.2"
2/25/2010,"	4.4"
2/26/2010,"	0"
2/27/2010,"	4.4"
2/28/2010,"	0"
3/1/2010,"	0"
3/2/2010,"	0.2"
3/3/2010,"	10.5"
3/4/2010,"	0"
3/5/2010,"	0"
3/6/2010,"	0"
3/7/2010,"	0"
3/8/2010,"	0"
3/9/2010,"	0"
3/10/2010,"	0"
3/11/2010,"	0"
3/12/2010,"	0"
3/13/2010,"	0"
3/14/2010,"	0"
3/15/2010,"	0"
3/16/2010,"	0"
3/17/2010,"	0"
3/18/2010,"	0"
3/19/2010,"	0.6"
3/20/2010,"	3.2"
3/21/2010,"	6.3"
3/22/2010,"	3.2"
3/23/2010,"	0.2"
3/24/2010,"	0"
3/25/2010,"	0"
3/26/2010,"	10.7"
3/27/2010,"	0"
3/28/2010,"	0"
3/29/2010,"	0"
3/30/2010,"	13.5"
3/31/2010,"	1.6"
4/1/2010,"	0"
4/2/2010,"	0"
4/3/2010,"	0"
4/4/2010,"	4.4"
4/5/2010,"	0.2"
4/6/2010,"	0"
4/7/2010,"	0"
4/8/2010,"	0"
4/9/2010,"	0"
4/10/2010,"	0"
4/11/2010,"	5"
4/12/2010,"	9.9"
4/13/2010,"	4.4"
4/14/2010,"	1.2"
4/15/2010,"	1.2"
4/16/2010,"	0"
4/17/2010,"	0"
4/18/2010,"	0"
4/19/2010,"	0.2"
4/20/2010,"	0"
4/21/2010,"	0"
4/22/2010,"	0.4"
4/23/2010,"	1"
4/24/2010,"	0"
4/25/2010,"	0"
4/26/2010,"	10.5"
4/27/2010,"	0"
4/28/2010,"	0"
4/29/2010,"	0"
4/30/2010,"	0"
5/1/2010,"	2.2"
5/2/2010,"	2.2"
5/3/2010,"	27.6"
5/4/2010,"	13"
5/5/2010,"	6.9"
5/6/2010,"	0"
5/7/2010,"	0.2"
5/8/2010,"	5"
5/9/2010,"	15.1"
5/10/2010,"	1.2"
5/11/2010,"	1.4"
5/12/2010,"	5.8"
5/13/2010,"	1.8"
5/14/2010,"	0"
5/15/2010,"	0"
5/16/2010,"	0.2"
5/17/2010,"	0"
5/18/2010,"	2.2"
5/19/2010,"	2"
5/20/2010,"	0"
5/21/2010,"	0"
5/22/2010,"	0"
5/23/2010,"	0"
5/24/2010,"	0"
5/25/2010,"	0"
5/26/2010,"	0.2"
5/27/2010,"	0.2"
5/28/2010,"	1"
5/29/2010,"	1.8"
5/30/2010,"	0.2"
5/31/2010,"	0"
6/1/2010,"	0"
6/2/2010,"	0"
6/3/2010,"	0"
6/4/2010,"	0"
6/5/2010,"	0"
6/6/2010,"	0"
6/7/2010,"	0"
6/8/2010,"	0"
6/9/2010,"	0"
6/10/2010,"	0"
6/11/2010,"	0"
6/12/2010,"	0"
6/13/2010,"	0.8"
6/14/2010,"	0.4"
6/15/2010,"	19.2"
6/16/2010,"	3"
6/17/2010,"	4.4"
6/18/2010,"	0.6"
6/19/2010,"	20.9"
6/20/2010,"	1"
6/21/2010,"	0.2"
6/22/2010,"	0"
6/23/2010,"	0"
6/24/2010,"	0"
6/25/2010,"	5.2"
6/26/2010,"	0"
6/27/2010,"	0.2"
6/28/2010,"	0"
6/29/2010,"	0.6"
6/30/2010,"	1.8"
7/1/2010,"	0"
7/2/2010,"	0"
7/3/2010,"	0"
7/4/2010,"	0.8"
7/5/2010,"	3.4"
7/6/2010,"	0"
7/7/2010,"	0"
7/8/2010,"	0"
7/9/2010,"	0"
7/10/2010,"	0"
7/11/2010,"	17.1"
7/12/2010,"	0.2"
7/13/2010,"	0"
7/14/2010,"	0"
7/15/2010,"	0"
7/16/2010,"	0"
7/17/2010,"	0"
7/18/2010,"	0"
7/19/2010,"	0"
7/20/2010,"	0"
7/21/2010,"	0"
7/22/2010,"	0"
7/23/2010,"	0"
7/24/2010,"	0"
7/25/2010,"	0"
7/26/2010,"	6.7"
7/27/2010,"	0"
7/28/2010,"	0"
7/29/2010,"	0"
7/30/2010,"	10.3"
7/31/2010,"	0"
8/1/2010,"	0"
8/2/2010,"	0"
8/3/2010,"	13.9"
8/4/2010,"	0"
8/5/2010,"	9.3"
8/6/2010,"	0"
8/7/2010,"	0"
8/8/2010,"	0"
8/9/2010,"	0"
8/10/2010,"	0"
8/11/2010,"	9.3"
8/12/2010,"	10.4"
8/13/2010,"	2"
8/14/2010,"	21.8"
8/15/2010,"	0"
8/16/2010,"	0"
8/17/2010,"	0"
8/18/2010,"	0"
8/19/2010,"	0.2"
8/20/2010,"	21.2"
8/21/2010,"	0"
8/22/2010,"	0"
8/23/2010,"	0"
8/24/2010,"	0"
8/25/2010,"	0"
8/26/2010,"	0.2"
8/27/2010,"	0"
8/28/2010,"	0"
8/29/2010,"	0"
8/30/2010,"	0"
8/31/2010,"	0"
9/1/2010,"	0"
9/2/2010,"	0"
9/3/2010,"	0"
9/4/2010,"	0"
9/5/2010,"	0"
9/6/2010,"	1.4"
9/7/2010,"	16"
9/8/2010,"	0"
9/9/2010,"	14.4"
9/10/2010,"	0"
9/11/2010,"	0"
9/12/2010,"	0"
9/13/2010,"	0.2"
9/14/2010,"	0"
9/15/2010,"	0"
9/16/2010,"	1.8"
9/17/2010,"	2"
9/18/2010,"	1.4"
9/19/2010,"	0"
9/20/2010,"	1"
9/21/2010,"	0"
9/22/2010,"	0"
9/23/2010,"	0"
9/24/2010,"	8.1"
9/25/2010,"	0.2"
9/26/2010,"	0.4"
9/27/2010,"	0"
9/28/2010,"	0"
9/29/2010,"	0"
9/30/2010,"	0"
10/1/2010,"	0"
10/2/2010,"	0"
10/3/2010,"	0"
10/4/2010,"	28.3"
10/5/2010,"	0.2"
10/6/2010,"	0"
10/7/2010,"	0"
10/8/2010,"	0"
10/9/2010,"	0"
10/10/2010,"	0"
10/11/2010,"	3.6"
10/12/2010,"	0.6"
10/13/2010,"	0.6"
10/14/2010,"	0"
10/15/2010,"	0"
10/16/2010,"	7.3"
10/17/2010,"	5"
10/18/2010,"	0"
10/19/2010,"	0"
10/20/2010,"	0"
10/21/2010,"	0.2"
10/22/2010,"	0"
10/23/2010,"	0"
10/24/2010,"	19.6"
10/25/2010,"	0.6"
10/26/2010,"	0"
10/27/2010,"	0.2"
10/28/2010,"	0.2"
10/29/2010,"	0"
10/30/2010,"	29.4"
10/31/2010,"	83.5"
11/1/2010,"	11.7"
11/2/2010,"	0.8"
11/3/2010,"	0.2"
11/4/2010,"	0.2"
11/5/2010,"	0"
11/6/2010,"	0"
11/7/2010,"	0"
11/8/2010,"	0"
11/9/2010,"	0.2"
11/10/2010,"	0.2"
11/11/2010,"	0"
11/12/2010,"	0"
11/13/2010,"	0"
11/14/2010,"	0.2"
11/15/2010,"	35.2"
11/16/2010,"	19.5"
11/17/2010,"	0"
11/18/2010,"	2"
11/19/2010,"	0.2"
11/20/2010,"	21.4"
11/21/2010,"	3"
11/22/2010,"	0"
11/23/2010,"	0.4"
11/24/2010,"	0.2"
11/25/2010,"	0"
11/26/2010,"	0.2"
11/27/2010,"	1.4"
11/28/2010,"	4.2"
11/29/2010,"	0"
11/30/2010,"	18"
12/1/2010,"	5.6"
12/2/2010,"	0"
12/3/2010,"	0.2"
12/4/2010,"	0"
12/5/2010,"	15"
12/6/2010,"	10"
12/7/2010,"	1.2"
12/8/2010,"	2.4"
12/9/2010,"	0.2"
12/10/2010,"	0.4"
12/11/2010,"	0"
12/12/2010,"	0"
12/13/2010,"	0"
12/14/2010,"	0.4"
12/15/2010,"	0"
12/16/2010,"	0"
12/17/2010,"	0"
12/18/2010,"	0"
12/19/2010,"	0.2"
12/20/2010,"	0"
12/21/2010,"	32.3"
12/22/2010,"	34.9"
12/23/2010,"	22.6"
12/24/2010,"	2.4"
12/25/2010,"	0.6"
12/26/2010,"	2.4"
12/27/2010,"	0"
12/28/2010,"	0"
12/29/2010,"	0"
12/30/2010,"	0"
12/31/2010,"	0"
1/1/2011,"	0"
1/2/2011,"	0"
1/3/2011,"	0"
1/4/2011,"	0"
1/5/2011,"	0"
1/6/2011,"	16.3"
1/7/2011,"	8.3"
1/8/2011,"	0"
1/9/2011,"	0.6"
1/10/2011,"	22.4"
1/11/2011,"	0"
1/12/2011,"	0"
1/13/2011,"	0"
1/14/2011,"	0"
1/15/2011,"	0"
1/16/2011,"	0"
1/17/2011,"	0"
1/18/2011,"	0"
1/19/2011,"	0"
1/20/2011,"	0"
1/21/2011,"	0"
1/22/2011,"	0"
1/23/2011,"	0"
1/24/2011,"	0"
1/25/2011,"	0"
1/26/2011,"	0"
1/27/2011,"	0"
1/28/2011,"	0"
1/29/2011,"	7.9"
1/30/2011,"	0"
1/31/2011,"	0"
2/1/2011,"	0"
2/2/2011,"	0"
2/3/2011,"	0"
2/4/2011,"	0"
2/5/2011,"	0"
2/6/2011,"	0"
2/7/2011,"	0"
2/8/2011,"	0"
2/9/2011,"	0"
2/10/2011,"	0"
2/11/2011,"	0"
2/12/2011,"	0"
2/13/2011,"	0.4"
2/14/2011,"	5.6"
2/15/2011,"	22.2"
2/16/2011,"	0.8"
2/17/2011,"	0.6"
2/18/2011,"	0"
2/19/2011,"	0"
2/20/2011,"	2.8"
2/21/2011,"	0"
2/22/2011,"	0"
2/23/2011,"	0"
2/24/2011,"	0"
2/25/2011,"	0"
2/26/2011,"	0"
2/27/2011,"	0"
2/28/2011,"	0"
3/1/2011,"	0"
3/2/2011,"	0"
3/3/2011,"	0"
3/4/2011,"	0"
3/5/2011,"	0"
3/6/2011,"	0"
3/7/2011,"	0"
3/8/2011,"	0"
3/9/2011,"	0"
3/10/2011,"	0"
3/11/2011,"	0"
3/12/2011,"	11.1"
3/13/2011,"	7.4"
3/14/2011,"	0"
3/15/2011,"	30.2"
3/16/2011,"	13.9"
3/17/2011,"	0"
3/18/2011,"	0"
3/19/2011,"	5.8"
3/20/2011,"	0"
3/21/2011,"	0"
3/22/2011,"	0"
3/23/2011,"	0"
3/24/2011,"	0"
3/25/2011,"	0"
3/26/2011,"	0"
3/27/2011,"	11.1"
3/28/2011,"	0"
3/29/2011,"	5.6"
3/30/2011,"	1"
3/31/2011,"	0"
4/1/2011,"	0"
4/2/2011,"	0"
4/3/2011,"	0"
4/4/2011,"	0"
4/5/2011,"	0"
4/6/2011,"	0"
4/7/2011,"	0"
4/8/2011,"	0"
4/9/2011,"	0"
4/10/2011,"	0"
4/11/2011,"	0"
4/12/2011,"	0"
4/13/2011,"	0"
4/14/2011,"	27.6"
4/15/2011,"	0"
4/16/2011,"	0"
4/17/2011,"	0"
4/18/2011,"	0"
4/19/2011,"	0"
4/20/2011,"	0"
4/21/2011,"	0"
4/22/2011,"	2"
4/23/2011,"	8.9"
4/24/2011,"	0.2"
4/25/2011,"	0"
4/26/2011,"	1.2"
4/27/2011,"	10.9"
4/28/2011,"	1.6"
4/29/2011,"	7.9"
4/30/2011,"	0"
5/1/2011,"	0.2"
5/2/2011,"	0.2"
5/3/2011,"	0"
5/4/2011,"	1"
5/5/2011,"	0"
5/6/2011,"	0"
5/7/2011,"	0"
5/8/2011,"	0"
5/9/2011,"	0"
5/10/2011,"	0"
5/11/2011,"	0"
5/12/2011,"	1.8"
5/13/2011,"	0"
5/14/2011,"	8.5"
5/15/2011,"	4.4"
5/16/2011,"	0"
5/17/2011,"	0.6"
5/18/2011,"	7.8"
5/19/2011,"	8.4"
5/20/2011,"	0"
5/21/2011,"	0"
5/22/2011,"	0.2"
5/23/2011,"	0"
5/24/2011,"	0"
5/25/2011,"	0.4"
5/26/2011,"	0.6"
5/27/2011,"	0"
5/28/2011,"	0"
5/29/2011,"	0"
5/30/2011,"	3.8"
5/31/2011,"	2"
6/1/2011,"	0.6"
6/2/2011,"	2.6"
6/3/2011,"	3"
6/4/2011,"	14.4"
6/5/2011,"	28.9"
6/6/2011,"	1.6"
6/7/2011,"	1"
6/8/2011,"	24.7"
6/9/2011,"	0.4"
6/10/2011,"	0.2"
6/11/2011,"	0"
6/12/2011,"	0"
6/13/2011,"	4.4"
6/14/2011,"	0.6"
6/15/2011,"	0"
6/16/2011,"	2.4"
6/17/2011,"	0.4"
6/18/2011,"	0"
6/19/2011,"	0"
6/20/2011,"	0"
6/21/2011,"	0.2"
6/22/2011,"	0.2"
6/23/2011,"	0.2"
6/24/2011,"	0"
6/25/2011,"	0"
6/26/2011,"	0.2"
6/27/2011,"	0"
6/28/2011,"	0"
6/29/2011,"	19.9"
6/30/2011,"	0"
7/1/2011,"	0"
7/2/2011,"	1.2"
7/3/2011,"	0"
7/4/2011,"	2"
7/5/2011,"	0"
7/6/2011,"	0"
7/7/2011,"	0"
7/8/2011,"	0"
7/9/2011,"	0"
7/10/2011,"	0"
7/11/2011,"	0"
7/12/2011,"	0"
7/13/2011,"	0.4"
7/14/2011,"	0"
7/15/2011,"	0"
7/16/2011,"	0"
7/17/2011,"	12.9"
7/18/2011,"	0"
7/19/2011,"	9.1"
7/20/2011,"	0"
7/21/2011,"	0"
7/22/2011,"	0"
7/23/2011,"	0"
7/24/2011,"	0"
7/25/2011,"	2"
7/26/2011,"	5.2"
7/27/2011,"	9.5"
7/28/2011,"	3.4"
7/29/2011,"	0"
7/30/2011,"	0.2"
7/31/2011,"	0.4"
8/1/2011,"	0"
8/2/2011,"	0"
8/3/2011,"	0"
8/4/2011,"	0"
8/5/2011,"	0.2"
8/6/2011,"	1.8"
8/7/2011,"	4.5"
8/8/2011,"	0"
8/9/2011,"	0"
8/10/2011,"	0"
8/11/2011,"	0"
8/12/2011,"	0.2"
8/13/2011,"	0"
8/14/2011,"	0"
8/15/2011,"	0.2"
8/16/2011,"	0"
8/17/2011,"	0"
8/18/2011,"	0"
8/19/2011,"	0"
8/20/2011,"	0"
8/21/2011,"	0"
8/22/2011,"	0"
8/23/2011,"	0"
8/24/2011,"	0"
8/25/2011,"	0"
8/26/2011,"	0"
8/27/2011,"	0"
8/28/2011,"	0"
8/29/2011,"	0"
8/30/2011,"	0"
8/31/2011,"	0"
9/1/2011,"	0"
9/2/2011,"	0"
9/3/2011,"	3.4"
9/4/2011,"	19.9"
9/5/2011,"	0.2"
9/6/2011,"	0.2"
9/7/2011,"	0.2"
9/8/2011,"	0"
9/9/2011,"	0"
9/10/2011,"	0.2"
9/11/2011,"	0.2"
9/12/2011,"	0"
9/13/2011,"	0.2"
9/14/2011,"	0"
9/15/2011,"	0.2"
9/16/2011,"	0"
9/17/2011,"	1.4"
9/18/2011,"	5"
9/19/2011,"	0"
9/20/2011,"	0"
9/21/2011,"	0"
9/22/2011,"	0"
9/23/2011,"	0"
9/24/2011,"	0"
9/25/2011,"	0.2"
9/26/2011,"	0"
9/27/2011,"	0"
9/28/2011,"	0"
9/29/2011,"	0"
9/30/2011,"	0"
10/1/2011,"	0"
10/2/2011,"	0"
10/3/2011,"	0"
10/4/2011,"	0"
10/5/2011,"	0.2"
10/6/2011,"	0"
10/7/2011,"	0.6"
10/8/2011,"	0"
10/9/2011,"	0"
10/10/2011,"	0"
10/11/2011,"	0"
10/12/2011,"	0"
10/13/2011,"	0"
10/14/2011,"	0"
10/15/2011,"	0"
10/16/2011,"	0"
10/17/2011,"	0"
10/18/2011,"	0"
10/19/2011,"	2.6"
10/20/2011,"	0"
10/21/2011,"	0"
10/22/2011,"	0"
10/23/2011,"	0"
10/24/2011,"	39.4"
10/25/2011,"	65.6"
10/26/2011,"	0"
10/27/2011,"	0"
10/28/2011,"	0"
10/29/2011,"	0"
10/30/2011,"	0"
10/31/2011,"	0.2"
11/1/2011,"	0"
11/2/2011,"	0.2"
11/3/2011,"	6.6"
11/4/2011,"	54.2"
11/5/2011,"	54.3"
11/6/2011,"	23.4"
11/7/2011,"	13.1"
11/8/2011,"	6"
11/9/2011,"	0"
11/10/2011,"	0"
11/11/2011,"	0.4"
11/12/2011,"	0"
11/13/2011,"	0"
11/14/2011,"	0"
11/15/2011,"	0"
11/16/2011,"	0"
11/17/2011,"	0"
11/18/2011,"	0"
11/19/2011,"	0"
11/20/2011,"	0.8"
11/21/2011,"	0"
11/22/2011,"	0"
11/23/2011,"	0"
11/24/2011,"	0"
11/25/2011,"	0"
11/26/2011,"	0"
11/27/2011,"	0"
11/28/2011,"	0"
11/29/2011,"	0"
11/30/2011,"	0"
12/1/2011,"	0.2"
12/2/2011,"	18.1"
12/3/2011,"	0"
12/4/2011,"	0"
12/5/2011,"	0.2"
12/6/2011,"	0"
12/7/2011,"	0"
12/8/2011,"	0"
12/9/2011,"	0"
12/10/2011,"	0"
12/11/2011,"	0.4"
12/12/2011,"	1"
12/13/2011,"	0"
12/14/2011,"	0"
12/15/2011,"	0"
12/16/2011,"	6.3"
12/17/2011,"	0"
12/18/2011,"	0"
12/19/2011,"	0"
12/20/2011,"	0"
12/21/2011,"	0"
12/22/2011,"	0"
12/23/2011,"	0"
12/24/2011,"	0"
12/25/2011,"	0"
12/26/2011,"	0"
12/27/2011,"	0"
12/28/2011,"	0"
12/29/2011,"	0"
12/30/2011,"	0"
12/31/2011,"	0"
1/1/2012,"	0"
1/2/2012,"	13.5"
1/3/2012,"	0"
1/4/2012,"	0"
1/5/2012,"	0"
1/6/2012,"	0"
1/7/2012,"	0"
1/8/2012,"	0"
1/9/2012,"	0"
1/10/2012,"	0"
1/11/2012,"	0"
1/12/2012,"	0"
1/13/2012,"	0"
1/14/2012,"	0"
1/15/2012,"	0"
1/16/2012,"	0"
1/17/2012,"	0"
1/18/2012,"	0"
1/19/2012,"	0"
1/20/2012,"	0"
1/21/2012,"	0"
1/22/2012,"	0"
1/23/2012,"	0"
1/24/2012,"	0"
1/25/2012,"	0"
1/26/2012,"	0"
1/27/2012,"	0"
1/28/2012,"	17.1"
1/29/2012,"	2"
1/30/2012,"	0.8"
1/31/2012,"	16.5"
2/1/2012,"	0"
2/2/2012,"	0"
2/3/2012,"	0"
2/4/2012,"	0"
2/5/2012,"	0"
2/6/2012,"	0"
2/7/2012,"	0"
2/8/2012,"	0"
2/9/2012,"	0"
2/10/2012,"	0"
2/11/2012,"	0"
2/12/2012,"	0"
2/13/2012,"	0"
2/14/2012,"	0"
2/15/2012,"	0"
2/16/2012,"	0"
2/17/2012,"	0"
2/18/2012,"	0"
2/19/2012,"	0"
2/20/2012,"	0"
2/21/2012,"	0"
2/22/2012,"	0"
2/23/2012,"	0"
2/24/2012,"	0"
2/25/2012,"	0"
2/26/2012,"	0"
2/27/2012,"	0"
2/28/2012,"	0"
2/29/2012,"	0"
3/1/2012,"	0"
3/2/2012,"	0"
3/3/2012,"	0"
3/4/2012,"	0"
3/5/2012,"	21.8"
3/6/2012,"	0"
3/7/2012,"	0"
3/8/2012,"	0"
3/9/2012,"	0"
3/10/2012,"	0"
3/11/2012,"	0"
3/12/2012,"	0"
3/13/2012,"	0"
3/14/2012,"	0"
3/15/2012,"	0"
3/16/2012,"	0"
3/17/2012,"	0"
3/18/2012,"	0.2"
3/19/2012,"	0"
3/20/2012,"	0"
3/21/2012,"	0"
3/22/2012,"	0"
3/23/2012,"	0"
3/24/2012,"	0"
3/25/2012,"	0.2"
3/26/2012,"	0"
3/27/2012,"	0"
3/28/2012,"	0"
3/29/2012,"	0"
3/30/2012,"	0"
3/31/2012,"	0"
4/1/2012,"	0"
4/2/2012,"	0"
4/3/2012,"	0"
4/4/2012,"	11.9"
4/5/2012,"	0"
4/6/2012,"	3"
4/7/2012,"	0"
4/8/2012,"	0"
4/9/2012,"	0"
4/10/2012,"	49"
4/11/2012,"	0"
4/12/2012,"	3"
4/13/2012,"	0.2"
4/14/2012,"	9.9"
4/15/2012,"	1.6"
4/16/2012,"	0"
4/17/2012,"	0"
4/18/2012,"	0"
4/19/2012,"	1.6"
4/20/2012,"	0"
4/21/2012,"	0.8"
4/22/2012,"	0"
4/23/2012,"	20.8"
4/24/2012,"	0"
4/25/2012,"	0"
4/26/2012,"	0"
4/27/2012,"	0"
4/28/2012,"	12.3"
4/29/2012,"	0.6"
4/30/2012,"	32.8"
5/1/2012,"	3"
5/2/2012,"	0"
5/3/2012,"	0"
5/4/2012,"	0.2"
5/5/2012,"	7.5"
5/6/2012,"	0.8"
5/7/2012,"	0"
5/8/2012,"	0.2"
5/9/2012,"	0"
5/10/2012,"	0.2"
5/11/2012,"	0"
5/12/2012,"	0"
5/13/2012,"	9.9"
5/14/2012,"	0"
5/15/2012,"	0"
5/16/2012,"	0"
5/17/2012,"	0.4"
5/18/2012,"	0.4"
5/19/2012,"	1.6"
5/20/2012,"	23.2"
5/21/2012,"	7.6"
5/22/2012,"	0"
5/23/2012,"	0"
5/24/2012,"	0"
5/25/2012,"	9.1"
5/26/2012,"	0.8"
5/27/2012,"	3.6"
5/28/2012,"	0"
5/29/2012,"	0.6"
5/30/2012,"	0.8"
5/31/2012,"	0.4"
6/1/2012,"	0"
6/2/2012,"	0"
6/3/2012,"	0.8"
6/4/2012,"	3.4"
6/5/2012,"	0"
6/6/2012,"	0"
6/7/2012,"	0.2"
6/8/2012,"	0"
6/9/2012,"	0"
6/10/2012,"	2.4"
6/11/2012,"	0"
6/12/2012,"	0"
6/13/2012,"	0.2"
6/14/2012,"	0"
6/15/2012,"	0.2"
6/16/2012,"	0"
6/17/2012,"	0"
6/18/2012,"	0"
6/19/2012,"	0"
6/20/2012,"	0.4"
6/21/2012,"	0"
6/22/2012,"	0"
6/23/2012,"	0"
6/24/2012,"	0.2"
6/25/2012,"	0"
6/26/2012,"	0"
6/27/2012,"	0"
6/28/2012,"	0"
6/29/2012,"	0"
6/30/2012,"	0"
7/1/2012,"	0.2"
7/2/2012,"	0"
7/3/2012,"	0"
7/4/2012,"	8"
7/5/2012,"	0"
7/6/2012,"	0.2"
7/7/2012,"	0"
7/8/2012,"	0"
7/9/2012,"	0"
7/10/2012,"	0"
7/11/2012,"	0"
7/12/2012,"	0"
7/13/2012,"	0"
7/14/2012,"	0"
7/15/2012,"	0"
7/16/2012,"	0"
7/17/2012,"	0"
7/18/2012,"	0"
7/19/2012,"	0"
7/20/2012,"	0"
7/21/2012,"	0"
7/22/2012,"	0.6"
7/23/2012,"	0"
7/24/2012,"	0"
7/25/2012,"	0"
7/26/2012,"	0"
7/27/2012,"	0"
7/28/2012,"	0"
7/29/2012,"	0"
7/30/2012,"	0"
7/31/2012,"	0"
8/1/2012,"	0"
8/2/2012,"	0"
8/3/2012,"	0"
8/4/2012,"	0"
8/5/2012,"	0"
8/6/2012,"	8.5"
8/7/2012,"	0"
8/8/2012,"	0"
8/9/2012,"	0"
8/10/2012,"	2.8"
8/11/2012,"	0"
8/12/2012,"	0.4"
8/13/2012,"	0"
8/14/2012,"	0"
8/15/2012,"	0"
8/16/2012,"	0"
8/17/2012,"	0"
8/18/2012,"	0"
8/19/2012,"	0"
8/20/2012,"	0"
8/21/2012,"	0"
8/22/2012,"	0"
8/23/2012,"	0"
8/24/2012,"	0"
8/25/2012,"	10"
8/26/2012,"	0"
8/27/2012,"	0"
8/28/2012,"	0"
8/29/2012,"	0.4"
8/30/2012,"	0.2"
8/31/2012,"	12.5"
9/1/2012,"	7.7"
9/2/2012,"	1.2"
9/3/2012,"	15.5"
9/4/2012,"	1.2"
9/5/2012,"	0.2"
9/6/2012,"	0"
9/7/2012,"	0.2"
9/8/2012,"	0"
9/9/2012,"	1"
9/10/2012,"	0"
9/11/2012,"	0"
9/12/2012,"	0"
9/13/2012,"	0"
9/14/2012,"	0"
9/15/2012,"	0"
9/16/2012,"	0"
9/17/2012,"	0"
9/18/2012,"	0"
9/19/2012,"	0.2"
9/20/2012,"	0"
9/21/2012,"	0"
9/22/2012,"	0"
9/23/2012,"	0.2"
9/24/2012,"	6.7"
9/25/2012,"	1.6"
9/26/2012,"	39.2"
9/27/2012,"	0"
9/28/2012,"	1.2"
9/29/2012,"	3.6"
9/30/2012,"	3.8"
10/1/2012,"	2.2"
10/2/2012,"	0"
10/3/2012,"	0.2"
10/4/2012,"	0.2"
10/5/2012,"	0.2"
10/6/2012,"	0"
10/7/2012,"	0.2"
10/8/2012,"	0.2"
10/9/2012,"	0"
10/10/2012,"	0.2"
10/11/2012,"	0.8"
10/12/2012,"	0"
10/13/2012,"	0.2"
10/14/2012,"	8.9"
10/15/2012,"	0.2"
10/16/2012,"	0"
10/17/2012,"	0"
10/18/2012,"	0"
10/19/2012,"	0.2"
10/20/2012,"	0"
10/21/2012,"	0"
10/22/2012,"	0.8"
10/23/2012,"	0"
10/24/2012,"	0"
10/25/2012,"	0.8"
10/26/2012,"	45.8"
10/27/2012,"	0.4"
10/28/2012,"	3.8"
10/29/2012,"	0"
10/30/2012,"	0"
10/31/2012,"	16.1"
11/1/2012,"	0"
11/2/2012,"	0"
11/3/2012,"	4.6"
11/4/2012,"	27.9"
11/5/2012,"	0"
11/6/2012,"	0"
11/7/2012,"	0"
11/8/2012,"	0"
11/9/2012,"	8.7"
11/10/2012,"	59.9"
11/11/2012,"	2.2"
11/12/2012,"	0"
11/13/2012,"	0"
11/14/2012,"	0"
11/15/2012,"	0"
11/16/2012,"	0"
11/17/2012,"	0"
11/18/2012,"	0"
11/19/2012,"	0"
11/20/2012,"	0"
11/21/2012,"	0"
11/22/2012,"	0"
11/23/2012,"	0"
11/24/2012,"	0"
11/25/2012,"	0.6"
11/26/2012,"	15.3"
11/27/2012,"	55.4"
11/28/2012,"	12.3"
11/29/2012,"	12.9"
11/30/2012,"	1.8"
12/1/2012,"	0"
12/2/2012,"	0"
12/3/2012,"	0"
12/4/2012,"	0"
12/5/2012,"	0"
12/6/2012,"	0"
12/7/2012,"	0.4"
12/8/2012,"	0"
12/9/2012,"	0"
12/10/2012,"	0"
12/11/2012,"	0"
12/12/2012,"	0"
12/13/2012,"	26"
12/14/2012,"	31.5"
12/15/2012,"	0.2"
12/16/2012,"	0"
12/17/2012,"	0"
12/18/2012,"	0"
12/19/2012,"	0"
12/20/2012,"	5.6"
12/21/2012,"	0"
12/22/2012,"	0"
12/23/2012,"	0"
12/24/2012,"	0"
12/25/2012,"	0"
12/26/2012,"	0"
12/27/2012,"	0"
12/28/2012,"	0"
12/29/2012,"	0"
12/30/2012,"	0"
12/31/2012,"	0"
1/1/2013,"	5.8"
1/2/2013,"	0"
1/3/2013,"	0"
1/4/2013,"	0"
1/5/2013,"	0"
1/6/2013,"	0"
1/7/2013,"	0"
1/8/2013,"	0"
1/9/2013,"	0"
1/10/2013,"	0"
1/11/2013,"	0"
1/12/2013,"	0"
1/13/2013,"	0"
1/14/2013,"	0.6"
1/15/2013,"	0"
1/16/2013,"	0"
1/17/2013,"	0"
1/18/2013,"	1.4"
1/19/2013,"	50.6"
1/20/2013,"	32.7"
1/21/2013,"	0"
1/22/2013,"	0"
1/23/2013,"	2.4"
1/24/2013,"	0"
1/25/2013,"	0"
1/26/2013,"	0"
1/27/2013,"	3.2"
1/28/2013,"	2.6"
1/29/2013,"	0"
1/30/2013,"	0"
1/31/2013,"	0"
2/1/2013,"	0"
2/2/2013,"	0.2"
2/3/2013,"	0"
2/4/2013,"	0"
2/5/2013,"	0"
2/6/2013,"	0"
2/7/2013,"	0"
2/8/2013,"	0"
2/9/2013,"	0"
2/10/2013,"	7.7"
2/11/2013,"	7.8"
2/12/2013,"	0"
2/13/2013,"	0"
2/14/2013,"	0"
2/15/2013,"	0"
2/16/2013,"	0"
2/17/2013,"	1.6"
2/18/2013,"	0"
2/19/2013,"	0"
2/20/2013,"	0"
2/21/2013,"	0"
2/22/2013,"	3.8"
2/23/2013,"	0"
2/24/2013,"	0.4"
2/25/2013,"	0"
2/26/2013,"	0"
2/27/2013,"	1.4"
2/28/2013,"	0"
3/1/2013,"	0"
3/2/2013,"	0"
3/3/2013,"	0"
3/4/2013,"	0"
3/5/2013,"	8"
3/6/2013,"	34.1"
3/7/2013,"	11.3"
3/8/2013,"	15.1"
3/9/2013,"	0.6"
3/10/2013,"	0"
3/11/2013,"	0.4"
3/12/2013,"	0"
3/13/2013,"	1.6"
3/14/2013,"	18.4"
3/15/2013,"	0"
3/16/2013,"	1.4"
3/17/2013,"	30"
3/18/2013,"	6.3"
3/19/2013,"	0.2"
3/20/2013,"	4"
3/21/2013,"	0"
3/22/2013,"	0"
3/23/2013,"	14.1"
3/24/2013,"	15.3"
3/25/2013,"	0"
3/26/2013,"	1.6"
3/27/2013,"	1.6"
3/28/2013,"	12.9"
3/29/2013,"	8.3"
3/30/2013,"	9.2"
3/31/2013,"	0"
4/1/2013,"	0"
4/2/2013,"	0"
4/3/2013,"	0.2"
4/4/2013,"	6.1"
4/5/2013,"	0"
4/6/2013,"	0"
4/7/2013,"	11.3"
4/8/2013,"	0.2"
4/9/2013,"	0.6"
4/10/2013,"	0"
4/11/2013,"	1"
4/12/2013,"	0"
4/13/2013,"	0"
4/14/2013,"	0"
4/15/2013,"	0"
4/16/2013,"	0"
4/17/2013,"	0"
4/18/2013,"	0"
4/19/2013,"	2"
4/20/2013,"	0"
4/21/2013,"	7.4"
4/22/2013,"	1.6"
4/23/2013,"	0.2"
4/24/2013,"	0"
4/25/2013,"	2"
4/26/2013,"	12.5"
4/27/2013,"	9.7"
4/28/2013,"	22.2"
4/29/2013,"	35.3"
4/30/2013,"	4.8"
5/1/2013,"	0.2"
5/2/2013,"	0.4"
5/3/2013,"	0.2"
5/4/2013,"	0"
5/5/2013,"	3.6"
5/6/2013,"	2.2"
5/7/2013,"	0"
5/8/2013,"	0"
5/9/2013,"	2.2"
5/10/2013,"	0"
5/11/2013,"	0.4"
5/12/2013,"	0"
5/13/2013,"	0"
5/14/2013,"	0"
5/15/2013,"	30.7"
5/16/2013,"	31.2"
5/17/2013,"	7.5"
5/18/2013,"	44.4"
5/19/2013,"	3"
5/20/2013,"	0"
5/21/2013,"	0"
5/22/2013,"	13.9"
5/23/2013,"	0"
5/24/2013,"	0.2"
5/25/2013,"	8"
5/26/2013,"	0"
5/27/2013,"	0"
5/28/2013,"	6.8"
5/29/2013,"	0"
5/30/2013,"	1"
5/31/2013,"	0"
6/1/2013,"	0"
6/2/2013,"	0"
6/3/2013,"	15.2"
6/4/2013,"	0.2"
6/5/2013,"	0"
6/6/2013,"	0.4"
6/7/2013,"	4.4"
6/8/2013,"	0"
6/9/2013,"	12.3"
6/10/2013,"	3"
6/11/2013,"	0.2"
6/12/2013,"	0"
6/13/2013,"	0"
6/14/2013,"	0"
6/15/2013,"	0.4"
6/16/2013,"	0"
6/17/2013,"	0"
6/18/2013,"	0"
6/19/2013,"	2.2"
6/20/2013,"	2"
6/21/2013,"	0"
6/22/2013,"	0.2"
6/23/2013,"	0"
6/24/2013,"	0.6"
6/25/2013,"	0"
6/26/2013,"	0.2"
6/27/2013,"	6.7"
6/28/2013,"	0.6"
6/29/2013,"	0"
6/30/2013,"	0"
7/1/2013,"	1.6"
7/2/2013,"	0"
7/3/2013,"	0"
7/4/2013,"	0"
7/5/2013,"	0"
7/6/2013,"	8.2"
7/7/2013,"	0"
7/8/2013,"	9.9"
7/9/2013,"	0.6"
7/10/2013,"	3.4"
7/11/2013,"	0"
7/12/2013,"	0"
7/13/2013,"	0.2"
7/14/2013,"	16.2"
7/15/2013,"	0"
7/16/2013,"	0"
7/17/2013,"	2.2"
7/18/2013,"	9.9"
7/19/2013,"	2.8"
7/20/2013,"	1.6"
7/21/2013,"	0"
7/22/2013,"	0.2"
7/23/2013,"	0"
7/24/2013,"	0.6"
7/25/2013,"	0"
7/26/2013,"	0.2"
7/27/2013,"	0"
7/28/2013,"	36.8"
7/29/2013,"	2.5"
7/30/2013,"	0"
7/31/2013,"	0"
8/1/2013,"	0.2"
8/2/2013,"	0"
8/3/2013,"	0"
8/4/2013,"	0"
8/5/2013,"	0"
8/6/2013,"	0"
8/7/2013,"	0"
8/8/2013,"	4.6"
8/9/2013,"	0"
8/10/2013,"	0.2"
8/11/2013,"	0"
8/12/2013,"	0"
8/13/2013,"	0.2"
8/14/2013,"	3.8"
8/15/2013,"	0"
8/16/2013,"	0"
8/17/2013,"	0.2"
8/18/2013,"	0"
8/19/2013,"	0.2"
8/20/2013,"	0"
8/21/2013,"	0"
8/22/2013,"	0"
8/23/2013,"	0"
8/24/2013,"	2"
8/25/2013,"	0.2"
8/26/2013,"	0.4"
8/27/2013,"	16.6"
8/28/2013,"	0"
8/29/2013,"	3.2"
8/30/2013,"	0.2"
8/31/2013,"	0"
9/1/2013,"	0"
9/2/2013,"	0.2"
9/3/2013,"	0"
9/4/2013,"	0"
9/5/2013,"	0"
9/6/2013,"	0"
9/7/2013,"	4"
9/8/2013,"	9.1"
9/9/2013,"	0"
9/10/2013,"	0.2"
9/11/2013,"	0.8"
9/12/2013,"	0.2"
9/13/2013,"	0.2"
9/14/2013,"	0.8"
9/15/2013,"	4.9"
9/16/2013,"	0.2"
9/17/2013,"	0"
9/18/2013,"	0.2"
9/19/2013,"	0"
9/20/2013,"	0"
9/21/2013,"	0.2"
9/22/2013,"	0"
9/23/2013,"	0.2"
9/24/2013,"	0.2"
9/25/2013,"	0"
9/26/2013,"	0.2"
9/27/2013,"	0"
9/28/2013,"	0"
9/29/2013,"	21.3"
9/30/2013,"	0"
10/1/2013,"	0"
10/2/2013,"	0"
10/3/2013,"	0.4"
10/4/2013,"	15.6"
10/5/2013,"	0"
10/6/2013,"	7.3"
10/7/2013,"	1.6"
10/8/2013,"	0.2"
10/9/2013,"	1"
10/10/2013,"	0.2"
10/11/2013,"	0"
10/12/2013,"	0"
10/13/2013,"	0.2"
10/14/2013,"	1.2"
10/15/2013,"	0.2"
10/16/2013,"	0.2"
10/17/2013,"	0.2"
10/18/2013,"	0"
10/19/2013,"	0.2"
10/20/2013,"	0.2"
10/21/2013,"	0.2"
10/22/2013,"	0"
10/23/2013,"	30.6"
10/24/2013,"	0.2"
10/25/2013,"	0.2"
10/26/2013,"	0.2"
10/27/2013,"	0.4"
10/28/2013,"	0"
10/29/2013,"	4.8"
10/30/2013,"	0.2"
10/31/2013,"	0.6"
11/1/2013,"	0"
11/2/2013,"	0"
11/3/2013,"	0"
11/4/2013,"	6.9"
11/5/2013,"	0"
11/6/2013,"	0.2"
11/7/2013,"	0"
11/8/2013,"	0"
11/9/2013,"	0"
11/10/2013,"	0"
11/11/2013,"	0"
11/12/2013,"	0"
11/13/2013,"	0"
11/14/2013,"	7.7"
11/15/2013,"	0"
11/16/2013,"	0"
11/17/2013,"	0.6"
11/18/2013,"	13.3"
11/19/2013,"	5.6"
11/20/2013,"	2.4"
11/21/2013,"	3"
11/22/2013,"	0"
11/23/2013,"	0"
11/24/2013,"	0"
11/25/2013,"	0"
11/26/2013,"	0"
11/27/2013,"	0"
11/28/2013,"	0"
11/29/2013,"	0"
11/30/2013,"	1"
12/1/2013,"	0"
12/2/2013,"	0"
12/3/2013,"	0"
12/4/2013,"	0"
12/5/2013,"	0"
12/6/2013,"	0"
12/7/2013,"	0"
12/8/2013,"	0"
12/9/2013,"	0"
12/10/2013,"	0.2"
12/11/2013,"	0"
12/12/2013,"	0"
12/13/2013,"	0"
12/14/2013,"	0"
12/15/2013,"	0"
12/16/2013,"	0"
12/17/2013,"	0"
12/18/2013,"	0"
12/19/2013,"	54.5"
12/20/2013,"	5.4"
12/21/2013,"	9.3"
12/22/2013,"	0.8"
12/23/2013,"	1.2"
12/24/2013,"	60.9"
12/25/2013,"	122.3"
12/26/2013,"	2.4"
12/27/2013,"	0"
12/28/2013,"	7.1"
12/29/2013,"	0"
12/30/2013,"	0"
12/31/2013,"	0"
1/1/2014,"	3"
1/2/2014,"	3"
1/3/2014,"	1.4"
1/4/2014,"	44.7"
1/5/2014,"	1.2"
1/6/2014,"	0"
1/7/2014,"	0"
1/8/2014,"	0"
1/9/2014,"	0"
1/10/2014,"	0"
1/11/2014,"	0"
1/12/2014,"	0"
1/13/2014,"	13.1"
1/14/2014,"	0"
1/15/2014,"	0"
1/16/2014,"	55.9"
1/17/2014,"	11.3"
1/18/2014,"	39.3"
1/19/2014,"	11.1"
1/20/2014,"	0"
1/21/2014,"	0.2"
1/22/2014,"	1.2"
1/23/2014,"	0"
1/24/2014,"	0"
1/25/2014,"	0"
1/26/2014,"	0"
1/27/2014,"	0"
1/28/2014,"	0"
1/29/2014,"	2"
1/30/2014,"	17.7"
1/31/2014,"	1.4"
2/1/2014,"	1.6"
2/2/2014,"	5.2"
2/3/2014,"	5.6"
2/4/2014,"	15.3"
2/5/2014,"	18"
2/6/2014,"	0.8"
2/7/2014,"	14.9"
2/8/2014,"	11.5"
2/9/2014,"	8.3"
2/10/2014,"	18.1"
2/11/2014,"	0"
2/12/2014,"	0"
2/13/2014,"	0"
2/14/2014,"	0.2"
2/15/2014,"	0.6"
2/16/2014,"	11.3"
2/17/2014,"	0"
2/18/2014,"	0"
2/19/2014,"	2.2"
2/20/2014,"	0"
2/21/2014,"	0"
2/22/2014,"	0"
2/23/2014,"	0"
2/24/2014,"	0"
2/25/2014,"	12.7"
2/26/2014,"	10.3"
2/27/2014,"	0"
2/28/2014,"	20.4"
3/1/2014,"	0"
3/2/2014,"	0"
3/3/2014,"	7.7"
3/4/2014,"	0"
3/5/2014,"	0"
3/6/2014,"	0"
3/7/2014,"	0"
3/8/2014,"	0"
3/9/2014,"	0"
3/10/2014,"	0"
3/11/2014,"	0"
3/12/2014,"	0"
3/13/2014,"	0"
3/14/2014,"	0"
3/15/2014,"	0"
3/16/2014,"	0"
3/17/2014,"	0"
3/18/2014,"	0"
3/19/2014,"	0"
3/20/2014,"	0"
3/21/2014,"	0"
3/22/2014,"	36.3"
3/23/2014,"	0"
3/24/2014,"	0"
3/25/2014,"	2.2"
3/26/2014,"	0"
3/27/2014,"	0"
3/28/2014,"	0"
3/29/2014,"	0"
3/30/2014,"	0"
3/31/2014,"	0"
4/1/2014,"	0"
4/2/2014,"	0"
4/3/2014,"	0.2"
4/4/2014,"	0"
4/5/2014,"	0"
4/6/2014,"	0"
4/7/2014,"	0"
4/8/2014,"	0.6"
4/9/2014,"	0"
4/10/2014,"	0"
4/11/2014,"	0"
4/12/2014,"	0.2"
4/13/2014,"	0"
4/14/2014,"	0.2"
4/15/2014,"	0"
4/16/2014,"	0"
4/17/2014,"	0"
4/18/2014,"	2.8"
4/19/2014,"	0.2"
4/20/2014,"	3.2"
4/21/2014,"	1"
4/22/2014,"	1.4"
4/23/2014,"	0.4"
4/24/2014,"	0"
4/25/2014,"	0"
4/26/2014,"	6"
4/27/2014,"	2.3"
4/28/2014,"	8.6"
4/29/2014,"	0"
4/30/2014,"	0"
5/1/2014,"	2.6"
5/2/2014,"	4"
5/3/2014,"	3.4"
5/4/2014,"	0"
5/5/2014,"	0"
5/6/2014,"	0"
5/7/2014,"	0"
5/8/2014,"	0"
5/9/2014,"	0.2"
5/10/2014,"	0"
5/11/2014,"	0"
5/12/2014,"	0"
5/13/2014,"	10.1"
5/14/2014,"	0"
5/15/2014,"	0"
5/16/2014,"	0"
5/17/2014,"	0.4"
5/18/2014,"	1"
5/19/2014,"	0"
5/20/2014,"	0"
5/21/2014,"	0"
5/22/2014,"	17.6"
5/23/2014,"	0.2"
5/24/2014,"	0"
5/25/2014,"	0.4"
5/26/2014,"	1.6"
5/27/2014,"	1.2"
5/28/2014,"	17.2"
5/29/2014,"	1.6"
5/30/2014,"	1.8"
5/31/2014,"	0.2"
6/1/2014,"	17.2"
6/2/2014,"	0"
6/3/2014,"	13.4"
6/4/2014,"	0.2"
6/5/2014,"	0"
6/6/2014,"	0"
6/7/2014,"	0.2"
6/8/2014,"	0"
6/9/2014,"	0"
6/10/2014,"	1.2"
6/11/2014,"	6.3"
6/12/2014,"	1.6"
6/13/2014,"	14.8"
6/14/2014,"	26.5"
6/15/2014,"	2.4"
6/16/2014,"	0"
6/17/2014,"	19.5"
6/18/2014,"	0.8"
6/19/2014,"	0.4"
6/20/2014,"	0.2"
6/21/2014,"	0"
6/22/2014,"	0"
6/23/2014,"	0"
6/24/2014,"	39.6"
6/25/2014,"	5.5"
6/26/2014,"	3.8"
6/27/2014,"	0.2"
6/28/2014,"	0"
6/29/2014,"	1.6"
6/30/2014,"	0"
7/1/2014,"	0.2"
7/2/2014,"	0.2"
7/3/2014,"	0.4"
7/4/2014,"	15.8"
7/5/2014,"	0"
7/6/2014,"	0.2"
7/7/2014,"	9.6"
7/8/2014,"	0.2"
7/9/2014,"	13.9"
7/10/2014,"	0"
7/11/2014,"	3.4"
7/12/2014,"	7"
7/13/2014,"	1.2"
7/14/2014,"	5.9"
7/15/2014,"	0.2"
7/16/2014,"	4.8"
7/17/2014,"	0"
7/18/2014,"	0.2"
7/19/2014,"	0.2"
7/20/2014,"	0.4"
7/21/2014,"	28.8"
7/22/2014,"	0"
7/23/2014,"	3"
7/24/2014,"	25.9"
7/25/2014,"	3"
7/26/2014,"	5.9"
7/27/2014,"	0"
7/28/2014,"	2.2"
7/29/2014,"	0.2"
7/30/2014,"	0"
7/31/2014,"	0"
8/1/2014,"	0.2"
8/2/2014,"	0"
8/3/2014,"	0"
8/4/2014,"	0.2"
8/5/2014,"	0.6"
8/6/2014,"	0.2"
8/7/2014,"	4"
8/8/2014,"	0.2"
8/9/2014,"	0.2"
8/10/2014,"	0"
8/11/2014,"	0.2"
8/12/2014,"	0"
8/13/2014,"	11.7"
8/14/2014,"	0"
8/15/2014,"	0"
8/16/2014,"	5.4"
8/17/2014,"	0.2"
8/18/2014,"	7.5"
8/19/2014,"	0"
8/20/2014,"	0.2"
8/21/2014,"	0.2"
8/22/2014,"	0.4"
8/23/2014,"	0"
8/24/2014,"	0"
8/25/2014,"	0.2"
8/26/2014,"	0.2"
8/27/2014,"	0"
8/28/2014,"	0.2"
8/29/2014,"	0.2"
8/30/2014,"	0"
8/31/2014,"	0.2"
9/1/2014,"	0"
9/2/2014,"	0.2"
9/3/2014,"	0"
9/4/2014,"	0"
9/5/2014,"	0"
9/6/2014,"	1.4"
9/7/2014,"	14.1"
9/8/2014,"	0.8"
9/9/2014,"	3.2"
9/10/2014,"	1.8"
9/11/2014,"	0"
9/12/2014,"	0.2"
9/13/2014,"	0"
9/14/2014,"	0.2"
9/15/2014,"	0.2"
9/16/2014,"	0.4"
9/17/2014,"	4.8"
9/18/2014,"	0"
9/19/2014,"	12.4"
9/20/2014,"	0.4"
9/21/2014,"	0.2"
9/22/2014,"	0"
9/23/2014,"	0.2"
9/24/2014,"	0.6"
9/25/2014,"	0"
9/26/2014,"	0.2"
9/27/2014,"	0.2"
9/28/2014,"	0.2"
9/29/2014,"	1"
9/30/2014,"	5.6"
10/1/2014,"	0.4"
10/2/2014,"	0.2"
10/3/2014,"	0"
10/4/2014,"	2.2"
10/5/2014,"	15.5"
10/6/2014,"	0.2"
10/7/2014,"	2"
10/8/2014,"	0.4"
10/9/2014,"	0.4"
10/10/2014,"	0"
10/11/2014,"	3"
10/12/2014,"	20.8"
10/13/2014,"	54.8"
10/14/2014,"	0.8"
10/15/2014,"	0.4"
10/16/2014,"	0"
10/17/2014,"	0.2"
10/18/2014,"	0.2"
10/19/2014,"	0.2"
10/20/2014,"	0.2"
10/21/2014,"	0.2"
10/22/2014,"	0"
10/23/2014,"	0"
10/24/2014,"	0"
10/25/2014,"	0"
10/26/2014,"	0"
10/27/2014,"	0"
10/28/2014,"	0.2"
10/29/2014,"	0.2"
10/30/2014,"	0"
10/31/2014,"	0"
11/1/2014,"	0"
11/2/2014,"	0"
11/3/2014,"	24.3"
11/4/2014,"	182.6"
11/5/2014,"	4.6"
11/6/2014,"	0"
11/7/2014,"	0"
11/8/2014,"	0"
11/9/2014,"	45"
11/10/2014,"	39.4"
11/11/2014,"	31.6"
11/12/2014,"	3.6"
11/13/2014,"	0"
11/14/2014,"	27.1"
11/15/2014,"	49.4"
11/16/2014,"	0.8"
11/17/2014,"	1"
11/18/2014,"	0"
11/19/2014,"	0"
11/20/2014,"	0"
11/21/2014,"	0"
11/22/2014,"	0"
11/23/2014,"	0"
11/24/2014,"	0.2"
11/25/2014,"	38.3"
11/26/2014,"	17.7"
11/27/2014,"	10.8"
11/28/2014,"	7.3"
11/29/2014,"	2.2"
11/30/2014,"	23.2"
12/1/2014,"	4.2"
12/2/2014,"	0"
12/3/2014,"	1.2"
12/4/2014,"	0.4"
12/5/2014,"	0"
12/6/2014,"	0"
12/7/2014,"	0"
12/8/2014,"	0"
12/9/2014,"	0"
12/10/2014,"	0"
12/11/2014,"	0"
12/12/2014,"	0"
12/13/2014,"	0.6"
12/14/2014,"	4.8"
12/15/2014,"	3.8"
12/16/2014,"	0"
12/17/2014,"	0"
12/18/2014,"	0"
12/19/2014,"	0"
12/20/2014,"	0"
12/21/2014,"	0"
12/22/2014,"	0"
12/23/2014,"	0"
12/24/2014,"	0"
12/25/2014,"	0"
12/26/2014,"	0"
12/27/2014,"	1"
12/28/2014,"	0"
12/29/2014,"	0"
12/30/2014,"	0"
12/31/2014,"	0"
