Time,Discharge(m3/s),Precipitation(mm),Mean Temperature(C),Evaporation
1/1/2011,"	8.93","	0","	4.4",0.671429
1/2/2011,"	8.52","	0","	4.7",0.771429
1/3/2011,"	8.5","	0","	3.2",0.542857
1/4/2011,"	8.41","	0","	2.2",0.385714
1/5/2011,"	8.31","	0","	2.5",0.571429
1/6/2011,"	8.27","	16.3","	3.9",0.371429
1/7/2011,"	11.3","	8.3","	7.4",0.4
1/8/2011,"	13.6","	0","	8.4",0.557143
1/9/2011,"	11.2","	0.6","	5.7",0.257143
1/10/2011,"	14","	22.4","	5.2",0.442857
1/11/2011,"	16.2","	0","	3.3",0.614286
1/12/2011,"	13","	0","	4.4",1.51429
1/13/2011,"	11.4","	0","	5.9",1.21429
1/14/2011,"	10.4","	0","	6",1.55714
1/15/2011,"	9.76","	0","	6.2",1.95714
1/16/2011,"	9.28","	0","	6.1",2.02857
1/17/2011,"	8.78","	0","	6.2",1.32857
1/18/2011,"	8.41","	0","	5.3",1.02857
1/19/2011,"	8.16","	0","	6.2",0.742857
1/20/2011,"	7.84","	0","	3.9",1.47143
1/21/2011,"	7.5","	0","	3.3",1.4
1/22/2011,"	7.19","	0","	0.8",1.25714
1/23/2011,"	7.26","	0","	0.6",1.12857
1/24/2011,"	7.34","	0","	1.2",1.48571
1/25/2011,"	8.16","	0","	2.3",0.9
1/26/2011,"	7.19","	0","	1.7",0.971429
1/27/2011,"	6.84","	0","	2.4",1.11429
1/28/2011,"	7.1","	0","	3.8",1.32857
1/29/2011,"	6.8","	7.9","	3.1",0.885714
1/30/2011,"	7.01","	0","	2.8",0.642857
1/31/2011,"	6.74","	0","	3.3",0.785714
2/1/2011,"	6.33","	0","	3.8",1.31429
2/2/2011,"	6.12","	0","	5",2.4
2/3/2011,"	5.76","	0","	5.8",2.24286
2/4/2011,"	5.58","	0","	6.7",2.21429
2/5/2011,"	5.61","	0","	7.8",2.82857
2/6/2011,"	5.62","	0","	8.1",2.7
2/7/2011,"	5.51","	0","	6.7",2.67143
2/8/2011,"	5.45","	0","	5.6",2.47143
2/9/2011,"	5.24","	0","	5.1",2.18571
2/10/2011,"	5.12","	0","	5.1",1.7
2/11/2011,"	5.05","	0","	5.5",1.47143
2/12/2011,"	4.89","	0","	7.7",1.22857
2/13/2011,"	4.75","	0.4","	7.9",1.08571
2/14/2011,"	4.72","	5.6","	7.5",0.6
2/15/2011,"	5.43","	22.2","	4.2",0.414286
2/16/2011,"	6.72","	0.8","	3.9",0.614286
2/17/2011,"	6.3","	0.6","	2.9",0.428571
2/18/2011,"	5.38","	0","	6.1",1.32857
2/19/2011,"	4.98","	0","	6.9",1.92857
2/20/2011,"	4.91","	2.8","	6",0.485714
2/21/2011,"	4.86","	0","	5",1.35714
2/22/2011,"	4.68","	0","	5.2",0.9
2/23/2011,"	4.5","	0","	4.4",1.42857
2/24/2011,"	4.33","	0","	3.6",1.34286
2/25/2011,"	4.2","	0","	5",1.82857
2/26/2011,"	4.14","	0","	6.8",1.04286
2/27/2011,"	4.04","	0","	5.5",0.557143
2/28/2011,"	3.91","	0","	4.3",0.742857
3/1/2011,"	3.89","	0","	6.8",1.31429
3/2/2011,"	3.74","	0","	8.3",2
3/3/2011,"	3.84","	0","	3.7",0.842857
3/4/2011,"	3.81","	0","	6.8",1.21429
3/5/2011,"	3.66","	0","	6.3",1.42857
3/6/2011,"	3.52","	0","	8.7",2.28571
3/7/2011,"	3.45","	0","	6",1.92857
3/8/2011,"	3.29","	0","	3.1",1.8
3/9/2011,"	3.47","	0","	3.8",1.55714
3/10/2011,"	3","	0","	5.4",1.85714
3/11/2011,"	2.94","	0","	8.3",1.88571
3/12/2011,"	3.1","	11.1","	6.4",1.12857
3/13/2011,"	8.34","	7.4","	6.7",0.785714
3/14/2011,"	7.37","	0","	9.6",1.21429
3/15/2011,"	6.77","	30.2","	8.3",0.985714
3/16/2011,"	20.5","	13.9","	7.1",0.742857
3/17/2011,"	14.6","	0","	9.1",0.885714
3/18/2011,"	9.44","	0","	11.1",2.87143
3/19/2011,"	8.18","	5.8","	11.1",2.18571
3/20/2011,"	7.64","	0","	8.3",1.94286
3/21/2011,"	6.84","	0","	6.5",2.32857
3/22/2011,"	6.08","	0","	6.6",2.32857
3/23/2011,"	5.66","	0","	8.9",3.31429
3/24/2011,"	5.59","	0","	10.4",3.45714
3/25/2011,"	5.48","	0","	10.1",3.04286
3/26/2011,"	5.49","	0","	9.6",2.58571
3/27/2011,"	6.23","	11.1","	8.4",0.671429
3/28/2011,"	6.54","	0","	9.6",1.64286
3/29/2011,"	6.33","	5.6","	7.8",1.67143
3/30/2011,"	6.7","	1","	8.6",0.985714
3/31/2011,"	6.11","	0","	11.2",2.57143
4/1/2011,"	6.51","	0","	13.6",3.07143
4/2/2011,"	6.99","	0","	13.9",3.97143
4/3/2011,"	7.82","	0","	13.6",3.7
4/4/2011,"	8.43","	0","	13.5",3.37143
4/5/2011,"	9.53","	0","	13.3",2.25714
4/6/2011,"	8.86","	0","	14.8",3.85714
4/7/2011,"	9.89","	0","	16.9",5.04286
4/8/2011,"	10.2","	0","	16.8",5.04286
4/9/2011,"	11.5","	0","	18.2",5.34286
4/10/2011,"	11.9","	0","	17.6",5.64286
4/11/2011,"	11.1","	0","	16.2",4.81429
4/12/2011,"	11.7","	0","	15.5",3.97143
4/13/2011,"	10.5","	0","	11.6",3.07143
4/14/2011,"	10.9","	27.6","	8.5",1.28571
4/15/2011,"	8.83","	0","	8.8",1.67143
4/16/2011,"	7.88","	0","	9.5",3
4/17/2011,"	7.13","	0","	10.7",2.91429
4/18/2011,"	6.95","	0","	11.2",2.95714
4/19/2011,"	7.09","	0","	11.3",2.71429
4/20/2011,"	7.03","	0","	11.4",3.72857
4/21/2011,"	7.12","	0","	12.3",3.95714
4/22/2011,"	7.2","	2","	13.2",3.75714
4/23/2011,"	7.67","	8.9","	10.7",1.21429
4/24/2011,"	7.49","	0.2","	12.6",1.47143
4/25/2011,"	7.5","	0","	13.3",2.61429
4/26/2011,"	7.94","	1.2","	14.3",4.04286
4/27/2011,"	9.35","	10.9","	12.5",3.31429
4/28/2011,"	9.75","	1.6","	10.5",1.74286
4/29/2011,"	9.22","	7.9","	9.5",1.5
4/30/2011,"	8.77","	0","	10.8",2.82857
5/1/2011,"	7.84","	0.2","	12.8",3.91429
5/2/2011,"	7.35","	0.2","	13",3.27143
5/3/2011,"	7.13","	0","	14.3",3.8
5/4/2011,"	7.55","	1","	13.6",4
5/5/2011,"	7.64","	0","	13.3",3.44286
5/6/2011,"	7.56","	0","	13.6",3.28571
5/7/2011,"	7.38","	0","	13.9",3.85714
5/8/2011,"	7.81","	0","	15.2",4.1
5/9/2011,"	10.5","	0","	15.3",3.94286
5/10/2011,"	12.3","	0","	15.7",4.11429
5/11/2011,"	10.2","	0","	16.3",5.02857
5/12/2011,"	11.1","	1.8","	15.8",4.05714
5/13/2011,"	12.1","	0","	15.7",2.94286
5/14/2011,"	12.5","	8.5","	15",1.8
5/15/2011,"	13.7","	4.4","	12.3",3.44286
5/16/2011,"	11","	0","	12.5",4.54286
5/17/2011,"	10.2","	0.6","	14.9",3.7
5/18/2011,"	9.56","	7.8","	14.2",2.67143
5/19/2011,"	9.7","	8.4","	13.2",3.64286
5/20/2011,"	9.73","	0","	14.4",3.08571
5/21/2011,"	9.7","	0","	16.8",5.12857
5/22/2011,"	10.2","	0.2","	17.2",4.7
5/23/2011,"	10.3","	0","	19.1",5
5/24/2011,"	11.6","	0","	19.7",6.22857
5/25/2011,"	11.6","	0.4","	18.8",4.32857
5/26/2011,"	11.1","	0.6","	19.8",5.27143
5/27/2011,"	11.5","	0","	17.7",3.81429
5/28/2011,"	10.7","	0","	15.5",5.6
5/29/2011,"	9.79","	0","	16.9",5.72857
5/30/2011,"	9.81","	3.8","	18.2",4.75714
5/31/2011,"	9.19","	2","	15.5",1.5
6/1/2011,"	9.31","	0.6","	15.3",3.71429
6/2/2011,"	11.3","	2.6","	15.9",1.55714
6/3/2011,"	14.5","	3","	17.3",2.42857
6/4/2011,"	12.6","	14.4","	16.4",3.38571
6/5/2011,"	13.4","	28.9","	12.6",1.44286
6/6/2011,"	12.7","	1.6","	15.7",3.4
6/7/2011,"	10.9","	1","	14.8",1.51429
6/8/2011,"	11.6","	24.7","	14.5",1.78571
6/9/2011,"	10.7","	0.4","	15.7",3.58571
6/10/2011,"	9.38","	0.2","	16",2.91429
6/11/2011,"	8.71","	0","	16.9",3.8
6/12/2011,"	8.47","	0","	17",3.71429
6/13/2011,"	9.51","	4.4","	16.7",3.08571
6/14/2011,"	14.4","	0.6","	18",4.05714
6/15/2011,"	11.1","	0","	19.6",4
6/16/2011,"	9.63","	2.4","	19.3",5.18571
6/17/2011,"	9.69","	0.4","	18.5",2.64286
6/18/2011,"	11.1","	0","	18.3",3.11429
6/19/2011,"	10.3","	0","	17.7",5.82857
6/20/2011,"	9.18","	0","	18.5",5.3
6/21/2011,"	8.72","	0.2","	19.4",5.71429
6/22/2011,"	8.54","	0.2","	20.5",4.25714
6/23/2011,"	8.27","	0.2","	20.2",2.68571
6/24/2011,"	7.85","	0","	19.2",4.57143
6/25/2011,"	7.34","	0","	20.8",5.57143
6/26/2011,"	7.22","	0.2","	22.6",6.61429
6/27/2011,"	7.31","	0","	23.2",7.01429
6/28/2011,"	7.15","	0","	23.3",6.61429
6/29/2011,"	7.32","	19.9","	22",6.5
6/30/2011,"	7.3","	0","	21.6",5.5
7/1/2011,"	6.62","	0","	21",5.08571
7/2/2011,"	6.12","	1.2","	19.2",3.35714
7/3/2011,"	5.66","	0","	19.8",5.02857
7/4/2011,"	5.83","	2","	18.7",2.97143
7/5/2011,"	5.61","	0","	20.5",4.67143
7/6/2011,"	5.21","	0","	21.2",5.12857
7/7/2011,"	5","	0","	20.7",4.01429
7/8/2011,"	5.02","	0","	21.4",6.3
7/9/2011,"	4.86","	0","	21.3",5.1
7/10/2011,"	4.56","	0","	22.1",5.8
7/11/2011,"	4.36","	0","	23.1",6.25714
7/12/2011,"	4.16","	0","	24",6.57143
7/13/2011,"	4.05","	0.4","	20.8",3.94286
7/14/2011,"	4.28","	0","	20.7",4.77143
7/15/2011,"	3.43","	0","	19.8",4.67143
7/16/2011,"	3.36","	0","	20.5",4.77143
7/17/2011,"	4.05","	12.9","	18.2",2.25714
7/18/2011,"	4.53","	0","	18.2",5.65714
7/19/2011,"	4.23","	9.1","	13.9",1.34286
7/20/2011,"	4.48","	0","	17.2",5.47143
7/21/2011,"	3.61","	0","	18.8",5.67143
7/22/2011,"	3.42","	0","	18.2",4.31429
7/23/2011,"	3.52","	0","	18.6",3.97143
7/24/2011,"	3.66","	0","	17",4.11429
7/25/2011,"	3.31","	2","	16.1",3.71429
7/26/2011,"	3.02","	5.2","	15.3",3.04286
7/27/2011,"	3.43","	9.5","	15.2",1.24286
7/28/2011,"	4.73","	3.4","	16.8",3.54286
7/29/2011,"	4.15","	0","	17.9",3.58571
7/30/2011,"	3.69","	0.2","	18.9",3.84286
7/31/2011,"	3.59","	0.4","	18.2",3.78571
8/1/2011,"	3.18","	0","	19.9",4.34286
8/2/2011,"	2.95","	0","	20.9",5.47143
8/3/2011,"	2.86","	0","	20.9",4.4
8/4/2011,"	2.92","	0","	21.4",5.1
8/5/2011,"	2.89","	0.2","	22.4",4.48571
8/6/2011,"	2.53","	1.8","	20.4",3.84286
8/7/2011,"	2.45","	4.5","	20.4",2.27143
8/8/2011,"	2.85","	0","	21.3",5.74286
8/9/2011,"	2.71","	0","	18.9",5.71429
8/10/2011,"	2.24","	0","	18.9",5.84286
8/11/2011,"	1.82","	0","	19.4",5.71429
8/12/2011,"	1.87","	0.2","	18.7",5.24286
8/13/2011,"	1.91","	0","	20",5.21429
8/14/2011,"	1.94","	0","	21.5",4.18571
8/15/2011,"	1.86","	0.2","	22.5",4.58571
8/16/2011,"	1.76","	0","	23.1",5.1
8/17/2011,"	1.6","	0","	23.6",5.01429
8/18/2011,"	1.51","	0","	24",6.41429
8/19/2011,"	1.54","	0","	24.2",6.54286
8/20/2011,"	1.54","	0","	24.3",6.75714
8/21/2011,"	1.26","	0","	26",7.2
8/22/2011,"	2.63","	0","	26.1",7.72857
8/23/2011,"	2.63","	0","	25.3",7.17143
8/24/2011,"	2.36","	0","	24.6",6.71429
8/25/2011,"	1.9","	0","	23.6",5.62857
8/26/2011,"	1.51","	0","	23.4",4.92857
8/27/2011,"	1.37","	0","	21.8",6.02857
8/28/2011,"	1.32","	0","	19.9",5.74286
8/29/2011,"	1.27","	0","	19.9",4.97143
8/30/2011,"	1.22","	0","	19.4",4.82857
8/31/2011,"	1.32","	0","	19.8",4.12857
9/1/2011,"	1.34","	0","	21.7",3.37143
9/2/2011,"	1.22","	0","	22",4.84286
9/3/2011,"	1.29","	3.4","	21.9",1.61429
9/4/2011,"	2.1","	19.9","	18.2",1.24286
9/5/2011,"	2.95","	0.2","	19.8",4.38571
9/6/2011,"	1.64","	0.2","	19.6",3.7
9/7/2011,"	1.47","	0.2","	19.6",4.3
9/8/2011,"	1.36","	0","	20",5.21429
9/9/2011,"	1.14","	0","	20.1",4.61429
9/10/2011,"	1.09","	0.2","	20.2",3.98571
9/11/2011,"	1.16","	0.2","	20.7",4.37143
9/12/2011,"	1.11","	0","	20.5",4.01429
9/13/2011,"	0.948","	0.2","	20.8",4.65714
9/14/2011,"	0.874","	0","	21",3.78571
9/15/2011,"	0.881","	0.2","	20.5",3.95714
9/16/2011,"	1.03","	0","	20.2",3.97143
9/17/2011,"	1.03","	1.4","	19",3.31429
9/18/2011,"	1.63","	5","	14.1",1.3
9/19/2011,"	1.6","	0","	13.8",4.08571
9/20/2011,"	1.33","	0","	14.9",4.31429
9/21/2011,"	0.979","	0","	16.7",4.42857
9/22/2011,"	0.815","	0","	17.7",4.12857
9/23/2011,"	0.686","	0","	17.8",3.65714
9/24/2011,"	0.624","	0","	17.8",2.17143
9/25/2011,"	0.718","	0.2","	16.3",1.15714
9/26/2011,"	0.725","	0","	17.7",3.47143
9/27/2011,"	1.48","	0","	18",4.31429
9/28/2011,"	0.628","	0","	18.2",4.15714
9/29/2011,"	1.44","	0","	17.7",3.84286
9/30/2011,"	0.599","	0","	17.2",3.97143
10/1/2011,"	0.562","	0","	17",3.87143
10/2/2011,"	0.517","	0","	18.3",4.24286
10/3/2011,"	0.52","	0","	18.6",3.62857
10/4/2011,"	0.519","	0","	18.2",3.24286
10/5/2011,"	0.525","	0.2","	18.1",3.24286
10/6/2011,"	0.529","	0","	17.5",2.81429
10/7/2011,"	0.534","	0.6","	15.6",3.92857
10/8/2011,"	0.495","	0","	11.3",3.3
10/9/2011,"	0.495","	0","	11.6",2.71429
10/10/2011,"	0.506","	0","	13.6",2.55714
10/11/2011,"	1.57","	0","	18.2",4.12857
10/12/2011,"	0.53","	0","	17.7",4.68571
10/13/2011,"	1.5","	0","	15.6",3.14286
10/14/2011,"	0.511","	0","	13.2",2.22857
10/15/2011,"	0.466","	0","	10.9",2.78571
10/16/2011,"	0.464","	0","	11.1",2.51429
10/17/2011,"	0.474","	0","	11.3",1.95714
10/18/2011,"	1.49","	0","	14",1.71429
10/19/2011,"	0.536","	2.6","	12.1",0.842857
10/20/2011,"	1.67","	0","	10.2",2.02857
10/21/2011,"	0.5","	0","	9.5",1.88571
10/22/2011,"	0.433","	0","	9.3",1.75714
10/23/2011,"	0.451","	0","	9.5",1.74286
10/24/2011,"	0.464","	39.4","	8.7",0.885714
10/25/2011,"	17.7","	65.6","	11.1",0.428571
10/26/2011,"	10.8","	0","	10.7",1.42857
10/27/2011,"	5.28","	0","	10.8",1.45714
10/28/2011,"	3.67","	0","	12.2",1.6
10/29/2011,"	2.74","	0","	12.5",1.74286
10/30/2011,"	2.43","	0","	11.7",1.48571
10/31/2011,"	2.27","	0.2","	11.3",1.4
11/1/2011,"	2.14","	0","	11.3",1.35714
11/2/2011,"	2.23","	0.2","	10.9",0.614286
11/3/2011,"	2.13","	6.6","	10.9",0.6
11/4/2011,"	12.6","	54.2","	12.3",0.528571
11/5/2011,"	38.9","	54.3","	12.6",0.642857
11/6/2011,"	67.6","	23.4","	10.4",0.657143
11/7/2011,"	29","	13.1","	10.4",1.28571
11/8/2011,"	21.6","	6","	10.6",1.21429
11/9/2011,"	17.8","	0","	10.4",1.1
11/10/2011,"	13.6","	0","	9.8",1.22857
11/11/2011,"	10.8","	0.4","	10.3",1.01429
11/12/2011,"	9.15","	0","	9.8",1.3
11/13/2011,"	8.73","	0","	8",2.22857
11/14/2011,"	7.52","	0","	6.4",1.97143
11/15/2011,"	6.57","	0","	5.3",1.78571
11/16/2011,"	5.68","	0","	5.3",1.64286
11/17/2011,"	6.25","	0","	5.6",1.47143
11/18/2011,"	5.41","	0","	6.1",1.52857
11/19/2011,"	5.2","	0","	8.9",1.11429
11/20/2011,"	5.01","	0.8","	9.9",1.25714
11/21/2011,"	4.43","	0","	10.2",1.21429
11/22/2011,"	4.67","	0","	10.3",1.75714
11/23/2011,"	3.95","	0","	8.8",1.67143
11/24/2011,"	3.18","	0","	8.2",1.88571
11/25/2011,"	3.2","	0","	7.1",1.95714
11/26/2011,"	3.16","	0","	6.9",1.67143
11/27/2011,"	3.06","	0","	6.9",1.6
11/28/2011,"	3.04","	0","	7.9",1.14286
11/29/2011,"	2.98","	0","	8.1",0.957143
11/30/2011,"	2.88","	0","	8.5",0.985714
12/1/2011,"	2.84","	0.2","	8.4",1.22857
12/2/2011,"	3","	18.1","	8.5",0.514286
12/3/2011,"	3.46","	0","	9",0.657143
12/4/2011,"	3.61","	0","	8.2",1.12857
12/5/2011,"	3.37","	0.2","	7.5",1.82857
12/6/2011,"	3.08","	0","	4.5",1.72857
12/7/2011,"	2.87","	0","	5.8",2
12/8/2011,"	2.71","	0","	7",1.97143
12/9/2011,"	2.59","	0","	5.4",1.47143
12/10/2011,"	2.5","	0","	5.6",1.34286
12/11/2011,"	2.42","	0.4","	4.9",0.742857
12/12/2011,"	2.35","	1","	6.3",1
12/13/2011,"	2.28","	0","	4.9",1.5
12/14/2011,"	2.3","	0","	7.2",1.31429
12/15/2011,"	2.43","	0","	6.1",1.85714
12/16/2011,"	2.6","	6.3","	6.5",1
12/17/2011,"	2.51","	0","	3.2",1.88571
12/18/2011,"	2.38","	0","	-1.3",1.3
12/19/2011,"	2.46","	0","	-0.5",1.5
12/20/2011,"	2.35","	0","	-0.5",1.1
12/21/2011,"	2.61","	0","	2",1.41429
12/22/2011,"	2.87","	0","	3.8",1.41429
12/23/2011,"	3.04","	0","	6.1",1.42857
12/24/2011,"	2.64","	0","	5.6",1.92857
12/25/2011,"	2.47","	0","	3.1",1.71429
12/26/2011,"	2.42","	0","	4",1.5
12/27/2011,"	2.49","	0","	6.2",1.38571
12/28/2011,"	2.33","	0","	4.7",1.64286
12/29/2011,"	2.39","	0","	3.3",0.7
12/30/2011,"	2.19","	0","	5.7",1.82857
12/31/2011,"	2.15","	0","	5.4",1.1
1/1/2012,"	2.13","	0","	5.9",1.2
1/2/2012,"	2.28","	13.5","	5.6",0.371429
1/3/2012,"	2.68","	0","	4",1.48571
1/4/2012,"	2.29","	0","	4.5",1.54286
1/5/2012,"	2.38","	0","	6.6",2.01429
1/6/2012,"	2.15","	0","	6.2",2.62857
1/7/2012,"	1.84","	0","	2.6",2.08571
1/8/2012,"	1.85","	0","	5.4",2.42857
1/9/2012,"	1.86","	0","	4.3",1.6
1/10/2012,"	1.89","	0","	4.6",2.05714
1/11/2012,"	1.87","	0","	5",1.8
1/12/2012,"	1.89","	0","	4.1",1.72857
1/13/2012,"	1.93","	0","	4.4",1.74286
1/14/2012,"	1.87","	0","	5.1",0.957143
1/15/2012,"	1.83","	0","	3.5",0.7
1/16/2012,"	1.83","	0","	3",0.857143
1/17/2012,"	2.25","	0","	1.4",1
1/18/2012,"	1.4","	0","	2.7",1.47143
1/19/2012,"	2.22","	0","	2.5",1.5
1/20/2012,"	1.49","	0","	6.6",2.34286
1/21/2012,"	1.51","	0","	6.2",1.88571
1/22/2012,"	1.46","	0","	7",2.15714
1/23/2012,"	1.42","	0","	5.6",1.55714
1/24/2012,"	2.06","	0","	5.9",1.24286
1/25/2012,"	1.22","	0","	4.7",1.1
1/26/2012,"	1.96","	0","	5.3",0.771429
1/27/2012,"	1.15","	0","	6.1",0.471429
1/28/2012,"	1.19","	17.1","	3",0.342857
1/29/2012,"	1.38","	2","	1.1",0.414286
1/30/2012,"	1.52","	0.8","	2",0.457143
1/31/2012,"	1.99","	16.5","	0",0.214286
2/1/2012,"	1.45","	0","	-1.8",0.942857
2/2/2012,"	1.44","	0","	-2.1",0.942857
2/3/2012,"	1.4","	0","	-2.6",0.957143
2/4/2012,"	1.34","	0","	-2.7",0.742857
2/5/2012,"	1.27","	0","	-3",0.671429
2/6/2012,"	1.21","	0","	-3.1",1.27143
2/7/2012,"	1.56","	0","	-1.1",1.28571
2/8/2012,"	1.14","	0","	3",1.68571
2/9/2012,"	1.33","	0","	1.7",1.7
2/10/2012,"	1.34","	0","	-0.6",0.871429
2/11/2012,"	1.13","	0","	-1.9",0.742857
2/12/2012,"	1.03","	0","	-2.5",0.757143
2/13/2012,"	0.977","	0","	-1.6",1.05714
2/14/2012,"	0.987","	0","	-0.2",0.828571
2/15/2012,"	1.04","	0","	1.6",1.64286
2/16/2012,"	1.14","	0","	4.5",2.05714
2/17/2012,"	1.08","	0","	5.2",1.7
2/18/2012,"	1.01","	0","	5.5",1.41429
2/19/2012,"	1.1","	0","	7.2",1.08571
2/20/2012,"	1.09","	0","	7",1.25714
2/21/2012,"	1.03","	0","	5.6",1.37143
2/22/2012,"	0.999","	0","	6.6",2.84286
2/23/2012,"	0.902","	0","	8.1",2.97143
2/24/2012,"	0.9","	0","	9.1",2.72857
2/25/2012,"	1.04","	0","	8.6",2.4
2/26/2012,"	1.28","	0","	9.2",2.37143
2/27/2012,"	1.3","	0","	7.3",1.71429
2/28/2012,"	1.29","	0","	7.2",1.95714
2/29/2012,"	1.39","	0","	8.9",2.91429
3/1/2012,"	1.19","	0","	10.6",2.64286
3/2/2012,"	1.31","	0","	11",3.21429
3/3/2012,"	1.42","	0","	10.1",2.5
3/4/2012,"	1.46","	0","	9.2",1.05714
3/5/2012,"	1.61","	21.8","	6.2",0.571429
3/6/2012,"	1.75","	0","	5",0.9
3/7/2012,"	1.36","	0","	5.9",2.08571
3/8/2012,"	1.17","	0","	7",1.7
3/9/2012,"	1.13","	0","	8.5",2.01429
3/10/2012,"	1.07","	0","	7.2",2.9
3/11/2012,"	1","	0","	9.3",3.31429
3/12/2012,"	0.959","	0","	12.8",4.07143
3/13/2012,"	0.915","	0","	11.7",3.68571
3/14/2012,"	0.873","	0","	11.3",3.18571
3/15/2012,"	0.762","	0","	10.8",3.4
3/16/2012,"	0.904","	0","	8.9",2.8
3/17/2012,"	1.26","	0","	9.1",1.78571
3/18/2012,"	1.31","	0.2","	8.6",1.24286
3/19/2012,"	1.17","	0","	8.7",2.27143
3/20/2012,"	1.08","	0","	9.2",2.27143
3/21/2012,"	0.912","	0","	13.2",3.75714
3/22/2012,"	0.772","	0","	13.7",3.97143
3/23/2012,"	0.734","	0","	10.9",2.7
3/24/2012,"	0.735","	0","	10.9",2.71429
3/25/2012,"	0.607","	0.2","	10.3",1.97143
3/26/2012,"	0.559","	0","	11.4",2.91429
3/27/2012,"	0.713","	0","	12.2",3.85714
3/28/2012,"	0.763","	0","	13.1",4.4
3/29/2012,"	0.819","	0","	13.7",3.97143
3/30/2012,"	0.933","	0","	13.7",3.67143
3/31/2012,"	1.2","	0","	12.6",3.82857
4/1/2012,"	1.46","	0","	13.3",3.77143
4/2/2012,"	1.47","	0","	11.6",2.17143
4/3/2012,"	2.44","	0","	11.2",1.62857
4/4/2012,"	1.46","	11.9","	9.7",0.957143
4/5/2012,"	2.36","	0","	11",2.37143
4/6/2012,"	1.22","	3","	9.6",1.57143
4/7/2012,"	1.33","	0","	11.1",2.27143
4/8/2012,"	1.32","	0","	11",3.24286
4/9/2012,"	1.32","	0","	8.7",1.87143
4/10/2012,"	1.42","	49","	7.9",1.14286
4/11/2012,"	8.06","	0","	9",2.51429
4/12/2012,"	5.08","	3","	8.4",1.71429
4/13/2012,"	3.34","	0.2","	9.6",1.27143
4/14/2012,"	3.44","	9.9","	7.6",0.785714
4/15/2012,"	4.29","	1.6","	6.9",1.4
4/16/2012,"	3.96","	0","	8.2",1.08571
4/17/2012,"	4.27","	0","	9.5",1.7
4/18/2012,"	3.05","	0","	9.5",2.08571
4/19/2012,"	2.75","	1.6","	7.5",1.21429
4/20/2012,"	2.21","	0","	10",2.67143
4/21/2012,"	2.35","	0.8","	12.1",3.55714
4/22/2012,"	2.22","	0","	12.1",3.61429
4/23/2012,"	2.19","	20.8","	10.8",2.81429
4/24/2012,"	4.49","	0","	9.9",2.68571
4/25/2012,"	3.52","	0","	9.4",2.55714
4/26/2012,"	2.87","	0","	12.8",3.88571
4/27/2012,"	2.43","	0","	16.8",5.17143
4/28/2012,"	3.88","	12.3","	19.9",7.07143
4/29/2012,"	5.56","	0.6","	14.2",2.72857
4/30/2012,"	7.69","	32.8","	8.9",0.914286
5/1/2012,"	16.7","	3","	10.2",1.98571
5/2/2012,"	10.7","	0","	12.1",2.38571
5/3/2012,"	8.98","	0","	12.2",3.57143
5/4/2012,"	7.67","	0.2","	12.8",2.82857
5/5/2012,"	8.02","	7.5","	11",1.75714
5/6/2012,"	10.7","	0.8","	11.1",2.18571
5/7/2012,"	9.06","	0","	13.3",3.82857
5/8/2012,"	8.17","	0.2","	13",2.6
5/9/2012,"	7.4","	0","	14.4",2.58571
5/10/2012,"	6.91","	0.2","	17.9",4.55714
5/11/2012,"	8.52","	0","	19.8",5.84286
5/12/2012,"	10.3","	0","	20.1",6.38571
5/13/2012,"	11.8","	9.9","	14.9",3.07143
5/14/2012,"	9.99","	0","	11.4",3.5
5/15/2012,"	8.35","	0","	13",3.95714
5/16/2012,"	7.06","	0","	12",4.17143
5/17/2012,"	6.71","	0.4","	12.1",4.45714
5/18/2012,"	6.55","	0.4","	11.5",1.62857
5/19/2012,"	6.54","	1.6","	14.2",2.51429
5/20/2012,"	7.1","	23.2","	11.5",1.64286
5/21/2012,"	10.9","	7.6","	9.4",1.21429
5/22/2012,"	10.8","	0","	11.3",2.2
5/23/2012,"	8.16","	0","	16.8",4.02857
5/24/2012,"	7.88","	0","	18",4.7
5/25/2012,"	9.31","	9.1","	15.6",4.08571
5/26/2012,"	9.3","	0.8","	16.3",3.1
5/27/2012,"	9.05","	3.6","	15",2.37143
5/28/2012,"	9.41","	0","	15.6",3.95714
5/29/2012,"	8.8","	0.6","	16",2.95714
5/30/2012,"	8.27","	0.8","	16.3",4.6
5/31/2012,"	8.06","	0.4","	16.9",3.92857
6/1/2012,"	7.57","	0","	18.5",4.72857
6/2/2012,"	7.5","	0","	17.7",4.42857
6/3/2012,"	8.34","	0.8","	19.5",3.27143
6/4/2012,"	9.14","	3.4","	16.3",2.62857
6/5/2012,"	7.4","	0","	17",5.52857
6/6/2012,"	7.1","	0","	16.8",3.71429
6/7/2012,"	6.45","	0.2","	19",3.42857
6/8/2012,"	6.79","	0","	19.4",4.82857
6/9/2012,"	6.6","	0","	18.8",5.11429
6/10/2012,"	6.31","	2.4","	16.6",4.54286
6/11/2012,"	5.75","	0","	18",4.55714
6/12/2012,"	4.95","	0","	17.4",5.1
6/13/2012,"	4.23","	0.2","	15.8",4.12857
6/14/2012,"	4.32","	0","	15.9",4.65714
6/15/2012,"	3.98","	0.2","	17.7",5.47143
6/16/2012,"	3.97","	0","	20.4",5.8
6/17/2012,"	3.9","	0","	21.8",6.82857
6/18/2012,"	3.7","	0","	22.1",7.34286
6/19/2012,"	3.47","	0","	22.7",5.41429
6/20/2012,"	3.58","	0.4","	22",3.58571
6/21/2012,"	4.08","	0","	21.7",5.54286
6/22/2012,"	3.75","	0","	22.1",7.34286
6/23/2012,"	3.27","	0","	20.7",7.18571
6/24/2012,"	3","	0.2","	21.7",6.62857
6/25/2012,"	2.68","	0","	21.8",6.84286
6/26/2012,"	2.57","	0","	23.9",6.94286
6/27/2012,"	2.41","	0","	23.7",5.32857
6/28/2012,"	2.82","	0","	23.8",6.04286
6/29/2012,"	2.33","	0","	23",6.74286
6/30/2012,"	2.28","	0","	24",7.58571
7/1/2012,"	2.04","	0.2","	22.8",6.77143
7/2/2012,"	2.14","	0","	21.4",4.92857
7/3/2012,"	2.96","	0","	21.3",4.88571
7/4/2012,"	2.37","	8","	19.9",4.82857
7/5/2012,"	2.35","	0","	20.7",4.87143
7/6/2012,"	2.36","	0.2","	20.7",4.95714
7/7/2012,"	2.06","	0","	21.4",5.6
7/8/2012,"	1.69","	0","	21.8",6.55714
7/9/2012,"	1.64","	0","	22.7",6.7
7/10/2012,"	1.86","	0","	23.1",7.15714
7/11/2012,"	1.38","	0","	23",6.71429
7/12/2012,"	1.32","	0","	22.7",7.34286
7/13/2012,"	1.24","	0","	24.1",7.15714
7/14/2012,"	1.15","	0","	22.2",5.91429
7/15/2012,"	1.18","	0","	20.6",6.85714
7/16/2012,"	1.19","	0","	20",6.48571
7/17/2012,"	1.25","	0","	21.6",7
7/18/2012,"	0.796","	0","	23.4",7.75714
7/19/2012,"	0.632","	0","	23.2",7.87143
7/20/2012,"	0.628","	0","	22.4",7.01429
7/21/2012,"	0.706","	0","	22",6.01429
7/22/2012,"	0.672","	0.6","	19.5",3.4
7/23/2012,"	0.928","	0","	20.1",4.1
7/24/2012,"	1.05","	0","	23.6",5.04286
7/25/2012,"	0.766","	0","	22.7",6.18571
7/26/2012,"	0.656","	0","	23.2",6.62857
7/27/2012,"	0.596","	0","	24.1",7.14286
7/28/2012,"	0.623","	0","	24",7.02857
7/29/2012,"	0.64","	0","	24.1",7.37143
7/30/2012,"	0.629","	0","	23.6",8.28571
7/31/2012,"	0.619","	0","	23.5",7.1
8/1/2012,"	0.655","	0","	24",6.55714
8/2/2012,"	0.632","	0","	23.3",6.8
8/3/2012,"	0.61","	0","	22.7",6.5
8/4/2012,"	0.641","	0","	23",6.51429
8/5/2012,"	0.623","	0","	22.8",6.27143
8/6/2012,"	0.725","	8.5","	19.7",2.84286
8/7/2012,"	0.721","	0","	20.6",6.42857
8/8/2012,"	0.643","	0","	22.1",6.65714
8/9/2012,"	0.597","	0","	23.5",6.88571
8/10/2012,"	0.622","	2.8","	22.8",6.18571
8/11/2012,"	0.632","	0","	22.9",6.12857
8/12/2012,"	0.635","	0.4","	21.3",5.21429
8/13/2012,"	0.779","	0","	21.8",4.51429
8/14/2012,"	0.735","	0","	22.4",5.68571
8/15/2012,"	0.591","	0","	22.9",6
8/16/2012,"	0.55","	0","	23",5.74286
8/17/2012,"	0.534","	0","	24.4",6.11429
8/18/2012,"	0.523","	0","	25.9",6.44286
8/19/2012,"	0.519","	0","	26.7",4.37143
8/20/2012,"	0.51","	0","	26",6.67143
8/21/2012,"	0.516","	0","	25.4",6.32857
8/22/2012,"	0.561","	0","	24.8",5.24286
8/23/2012,"	0.519","	0","	24.1",5.77143
8/24/2012,"	0.518","	0","	24.4",6.52857
8/25/2012,"	0.529","	10","	22.9",5.47143
8/26/2012,"	0.564","	0","	21.4",6.11429
8/27/2012,"	0.545","	0","	20.9",5.78571
8/28/2012,"	0.516","	0","	20.2",5.02857
8/29/2012,"	0.546","	0.4","	21.5",4.45714
8/30/2012,"	0.571","	0.2","	19",2.28571
8/31/2012,"	0.576","	12.5","	16.3",2.57143
9/1/2012,"	0.557","	7.7","	13.6",2.01429
9/2/2012,"	0.732","	1.2","	15.9",3.17143
9/3/2012,"	0.799","	15.5","	14.7",1.51429
9/4/2012,"	0.867","	1.2","	16.4",2.01429
9/5/2012,"	0.934","	0.2","	17.1",2.24286
9/6/2012,"	1","	0","	19.3",3.65714
9/7/2012,"	1.08","	0.2","	20.2",4.61429
9/8/2012,"	1.16","	0","	20.1",3.78571
9/9/2012,"	1.25","	1","	19.4",4.14286
9/10/2012,"	1.33","	0","	19.5",3.95714
9/11/2012,"	1.42","	0","	19.3",3.38571
9/12/2012,"	1.5","	0","	18.1",3.24286
9/13/2012,"	1.58","	0","	14.9",4.01429
9/14/2012,"	1.67","	0","	15.4",4.84286
9/15/2012,"	1.77","	0","	17.3",5.15714
9/16/2012,"	1.87","	0","	18",4.02857
9/17/2012,"	1.96","	0","	18.2",3.72857
9/18/2012,"	2.06","	0","	17.5",3.2
9/19/2012,"	2.16","	0.2","	18.3",2.65714
9/20/2012,"	2.26","	0","	16.4",3.38571
9/21/2012,"	2.35","	0","	15.4",3.11429
9/22/2012,"	2.46","	0","	16.3",3.28571
9/23/2012,"	2.57","	0.2","	18.5",3.01429
9/24/2012,"	2.69","	6.7","	16.2",1.65714
9/25/2012,"	2.8","	1.6","	14.4",2.32857
9/26/2012,"	2.91","	39.2","	15.9",1.38571
9/27/2012,"	3.02","	0","	14.3",3.45714
9/28/2012,"	3.14","	1.2","	15.7",3.11429
9/29/2012,"	3.25","	3.6","	16.1",1.61429
9/30/2012,"	3.38","	3.8","	15.9",2.02857
10/1/2012,"	3.51","	2.2","	14.6",1.21429
10/2/2012,"	2.9","	0","	15.2",2.35714
10/3/2012,"	2.24","	0.2","	15.3",2.57143
10/4/2012,"	2.07","	0.2","	15.6",2.75714
10/5/2012,"	2.02","	0.2","	16.3",2.71429
10/6/2012,"	1.98","	0","	16.2",2.72857
10/7/2012,"	1.65","	0.2","	16.2",2.51429
10/8/2012,"	1.53","	0.2","	16.2",2.65714
10/9/2012,"	1.4","	0","	17",2.8
10/10/2012,"	1.47","	0.2","	16.5",2.08571
10/11/2012,"	1.43","	0.8","	15.8",1.21429
10/12/2012,"	1.51","	0","	15.9",1.67143
10/13/2012,"	1.53","	0.2","	14",1.78571
10/14/2012,"	1.66","	8.9","	11.7",2.42857
10/15/2012,"	1.61","	0.2","	11.7",1.81429
10/16/2012,"	2.58","	0","	10",2.55714
10/17/2012,"	1.24","	0","	11.2",1
10/18/2012,"	2.54","	0","	13.5",2.12857
10/19/2012,"	0.767","	0.2","	13.9",2.44286
10/20/2012,"	0.908","	0","	14",2.17143
10/21/2012,"	1.18","	0","	16.5",2.42857
10/22/2012,"	1.32","	0.8","	15.4",1.07143
10/23/2012,"	1.8","	0","	15.8",2.28571
10/24/2012,"	1.2","	0","	12.8",2.58571
10/25/2012,"	1.94","	0.8","	12.4",1.87143
10/26/2012,"	2.31","	45.8","	11.2",0.628571
10/27/2012,"	7.43","	0.4","	11.8",1.5
10/28/2012,"	4.81","	3.8","	3.5",0.442857
10/29/2012,"	3.68","	0","	4.4",1.37143
10/30/2012,"	3.14","	0","	6.4",1.24286
10/31/2012,"	3.32","	16.1","	6.3",0.814286
11/1/2012,"	5.06","	0","	7.8",1.84286
11/2/2012,"	3.62","	0","	8.8",2.48571
11/3/2012,"	3.04","	4.6","	8.3",1.17143
11/4/2012,"	16.4","	27.9","	11.4",0.585714
11/5/2012,"	50.7","	0","	11.1",2.24286
11/6/2012,"	14","	0","	7.1",2.22857
11/7/2012,"	8.82","	0","	6.5",1.84286
11/8/2012,"	7.24","	0","	7.3",1.87143
11/9/2012,"	5.78","	8.7","	9.4",1.62857
11/10/2012,"	21.7","	59.9","	10.5",0.471429
11/11/2012,"	78.5","	2.2","	10.2",0.442857
11/12/2012,"	27.3","	0","	8.7",1.27143
11/13/2012,"	20.9","	0","	9.9",2
11/14/2012,"	16","	0","	10.6",1.78571
11/15/2012,"	11.1","	0","	8.4",1.6
11/16/2012,"	8.28","	0","	6",1.52857
11/17/2012,"	7.4","	0","	4.9",1.45714
11/18/2012,"	6.69","	0","	4.6",1.77143
11/19/2012,"	5.75","	0","	6.1",2.04286
11/20/2012,"	6.13","	0","	8.7",1.57143
11/21/2012,"	5.23","	0","	9.1",1.17143
11/22/2012,"	4.78","	0","	9.8",0.342857
11/23/2012,"	4.43","	0","	9.2",0.8
11/24/2012,"	4.25","	0","	8.6",1.05714
11/25/2012,"	3.92","	0.6","	10.8",0.814286
11/26/2012,"	4.03","	15.3","	10.4",0.442857
11/27/2012,"	15","	55.4","	7.8",0.328571
11/28/2012,"	35.3","	12.3","	7.6",0.557143
11/29/2012,"	23.4","	12.9","	6.4",0.657143
11/30/2012,"	19.2","	1.8","	4.2",0.514286
12/1/2012,"	15.9","	0","	4.3",0.857143
12/2/2012,"	13","	0","	2.3",1.25714
12/3/2012,"	10.1","	0","	1.2",1.48571
12/4/2012,"	7.92","	0","	4",1.6
12/5/2012,"	7.33","	0","	1.6",1.78571
12/6/2012,"	6.27","	0","	1.3",1.37143
12/7/2012,"	6.1","	0.4","	-0.6",0.557143
12/8/2012,"	5.93","	0","	0.2",1.57143
12/9/2012,"	5.68","	0","	1",1.64286
12/10/2012,"	5.49","	0","	2.2",1.7
12/11/2012,"	5.31","	0","	0.3",1.24286
12/12/2012,"	4.83","	0","	0",0.857143
12/13/2012,"	4.62","	26","	1.3",0.3
12/14/2012,"	6.52","	31.5","	3",0.428571
12/15/2012,"	15.9","	0.2","	6.4",0.842857
12/16/2012,"	11.2","	0","	6.1",2.11429
12/17/2012,"	8.75","	0","	4.2",1.62857
12/18/2012,"	7.33","	0","	3",2.12857
12/19/2012,"	6.58","	0","	2.7",1.47143
12/20/2012,"	6.58","	5.6","	2.9",0.671429
12/21/2012,"	6.13","	0","	2.9",0.728571
12/22/2012,"	6","	0","	3.3",1.6
12/23/2012,"	5.52","	0","	5",1.78571
12/24/2012,"	5.95","	0","	6.6",1.45714
12/25/2012,"	6.1","	0","	7",0.942857
12/26/2012,"	6.07","	0","	6.9",1.14286
12/27/2012,"	5.81","	0","	7.4",2
12/28/2012,"	5.4","	0","	6.4",1.87143
12/29/2012,"	5.16","	0","	4.7",1.2
12/30/2012,"	4.94","	0","	3.4",1.14286
12/31/2012,"	4.99","	0","	3.7",1.25714
1/1/2013,"	4.84","	5.8","	2.4",0.471429
1/2/2013,"	4.24","	0","	5",0.785714
1/3/2013,"	4.14","	0","	4.5",1.44286
1/4/2013,"	4.06","	0","	7.1",2.15714
1/5/2013,"	4.01","	0","	7.3",2.61429
1/6/2013,"	3.96","	0","	9.9",3.25714
1/7/2013,"	3.84","	0","	8.4",2.97143
1/8/2013,"	3.78","	0","	6",1.71429
1/9/2013,"	3.76","	0","	5.7",1.38571
1/10/2013,"	3.77","	0","	6.4",0.971429
1/11/2013,"	3.72","	0","	4.7",1.3
1/12/2013,"	3.55","	0","	4.1",0.985714
1/13/2013,"	3.45","	0","	2.8",0.485714
1/14/2013,"	3.45","	0.6","	2.4",0.414286
1/15/2013,"	3.3","	0","	0.6",0.357143
1/16/2013,"	3.42","	0","	-1",1.24286
1/17/2013,"	3.12","	0","	0.6",1.18571
1/18/2013,"	3.07","	1.4","	-0.1",1.34286
1/19/2013,"	3.75","	50.6","	1.9",0.457143
1/20/2013,"	28.6","	32.7","	4.7",0.314286
1/21/2013,"	20.7","	0","	4.3",0.671429
1/22/2013,"	11.7","	0","	2.3",1.51429
1/23/2013,"	8.85","	2.4","	1.7",0.542857
1/24/2013,"	7.46","	0","	3.1",0.928571
1/25/2013,"	6.65","	0","	3.3",1.34286
1/26/2013,"	5.93","	0","	1.9",1.08571
1/27/2013,"	5.58","	3.2","	2.6",1.07143
1/28/2013,"	5.45","	2.6","	4.1",0.7
1/29/2013,"	4.98","	0","	3.4",1.85714
1/30/2013,"	4.8","	0","	6.1",2.32857
1/31/2013,"	5.14","	0","	8.9",2.54286
2/1/2013,"	5.15","	0","	9",2.08571
2/2/2013,"	5.24","	0.2","	6",0.785714
2/3/2013,"	4.95","	0","	3",2
2/4/2013,"	4.7","	0","	3.7",1.7
2/5/2013,"	4.51","	0","	5.4",1.57143
2/6/2013,"	4.4","	0","	3",1.82857
2/7/2013,"	4.26","	0","	2.3",1.51429
2/8/2013,"	3.96","	0","	-0.7",1.51429
2/9/2013,"	3.7","	0","	-0.2",1.27143
2/10/2013,"	3.63","	7.7","	-0.4",0.728571
2/11/2013,"	3.96","	7.8","	-0.7",0.242857
2/12/2013,"	3.9","	0","	-0.7",0.671429
2/13/2013,"	3.44","	0","	0.8",1.37143
2/14/2013,"	3.74","	0","	1.6",1.57143
2/15/2013,"	3.34","	0","	2.9",1.17143
2/16/2013,"	3.36","	0","	3.9",1.21429
2/17/2013,"	3.38","	1.6","	2.5",0.942857
2/18/2013,"	3.46","	0","	3.1",1.15714
2/19/2013,"	3.47","	0","	2.6",1.5
2/20/2013,"	3.3","	0","	4.4",1.42857
2/21/2013,"	3.18","	0","	5.3",1.08571
2/22/2013,"	3.17","	3.8","	2.4",1.07143
2/23/2013,"	3.25","	0","	0.8",0.485714
2/24/2013,"	3.23","	0.4","	0.7",0.4
2/25/2013,"	3.05","	0","	1.4",0.685714
2/26/2013,"	2.82","	0","	3.2",1.1
2/27/2013,"	2.73","	1.4","	3.9",1.67143
2/28/2013,"	2.92","	0","	4.5",1.41429
3/1/2013,"	2.91","	0","	6.2",1.6
3/2/2013,"	2.77","	0","	8.8",2.37143
3/3/2013,"	2.66","	0","	6.5",1.78571
3/4/2013,"	2.76","	0","	6.3",1.97143
3/5/2013,"	2.94","	8","	5",1.17143
3/6/2013,"	7.02","	34.1","	5.8",0.671429
3/7/2013,"	23.6","	11.3","	8.1",0.842857
3/8/2013,"	22.4","	15.1","	8.1",0.528571
3/9/2013,"	16.8","	0.6","	7.2",0.8
3/10/2013,"	10.8","	0","	7.6",1.71429
3/11/2013,"	8.53","	0.4","	6.9",1.62857
3/12/2013,"	7.53","	0","	6.7",1.35714
3/13/2013,"	6.87","	1.6","	5.3",1.55714
3/14/2013,"	6.75","	18.4","	2.2",0.571429
3/15/2013,"	5.76","	0","	2.3",1.51429
3/16/2013,"	5.23","	1.4","	3.6",1.74286
3/17/2013,"	5.31","	30","	1.9",0.485714
3/18/2013,"	12.1","	6.3","	4.2",0.814286
3/19/2013,"	10.7","	0.2","	5.3",2.34286
3/20/2013,"	8.61","	4","	5",1.05714
3/21/2013,"	7.57","	0","	7.2",2.8
3/22/2013,"	7.46","	0","	8.1",2.04286
3/23/2013,"	7.46","	14.1","	6.7",0.714286
3/24/2013,"	11.6","	15.3","	6",0.7
3/25/2013,"	14.7","	0","	8.4",1.62857
3/26/2013,"	10.9","	1.6","	7.8",1.2
3/27/2013,"	9.07","	1.6","	7.2",1.88571
3/28/2013,"	8.73","	12.9","	6.1",0.585714
3/29/2013,"	10.7","	8.3","	9.8",1.2
3/30/2013,"	13.8","	9.2","	7.8",0.757143
3/31/2013,"	14.5","	0","	9",2.65714
4/1/2013,"	11.8","	0","	7.1",1.28571
4/2/2013,"	10.5","	0","	8.5",1.14286
4/3/2013,"	8.51","	0.2","	8.5",1.78571
4/4/2013,"	8.88","	6.1","	6.3",0.985714
4/5/2013,"	8.36","	0","	9.3",1.61429
4/6/2013,"	7.72","	0","	8.9",1.14286
4/7/2013,"	7.52","	11.3","	8.8",2.18571
4/8/2013,"	7.62","	0.2","	7.4",1.12857
4/9/2013,"	8.31","	0.6","	7.9",1.71429
4/10/2013,"	6.74","	0","	9.9",2.9
4/11/2013,"	7.75","	1","	9.4",1.27143
4/12/2013,"	6.7","	0","	13.8",3.85714
4/13/2013,"	7.7","	0","	12.4",3.32857
4/14/2013,"	7.88","	0","	13.6",3.94286
4/15/2013,"	9.41","	0","	15",4.3
4/16/2013,"	10.9","	0","	15.8",3.12857
4/17/2013,"	12.1","	0","	16.7",3.92857
4/18/2013,"	13.1","	0","	16.9",4.45714
4/19/2013,"	15","	2","	15.2",2.14286
4/20/2013,"	15.4","	0","	11",1.48571
4/21/2013,"	14.1","	7.4","	8.6",1.88571
4/22/2013,"	12","	1.6","	9.2",0.814286
4/23/2013,"	10.8","	0.2","	11.6",2.12857
4/24/2013,"	9.91","	0","	13.7",4.2
4/25/2013,"	9.46","	2","	15",2.24286
4/26/2013,"	11.8","	12.5","	13.5",1.45714
4/27/2013,"	18","	9.7","	11.7",0.9
4/28/2013,"	21.7","	22.2","	10.5",0.9
4/29/2013,"	40.1","	35.3","	14",1.38571
4/30/2013,"	48.1","	4.8","	15.7",2.12857
5/1/2013,"	38.7","	0.2","	15.5",3.28571
5/2/2013,"	31.8","	0.4","	15.3",3.48571
5/3/2013,"	27.8","	0.2","	14.6",3.25714
5/4/2013,"	25.1","	0","	14.6",3.7
5/5/2013,"	23.1","	3.6","	13.5",1.42857
5/6/2013,"	-1E-030","	2.2","	13.6",2.28571
5/7/2013,"	-1E-030","	0","	13.8",3.77143
5/8/2013,"	-1E-030","	0","	15.5",3.87143
5/9/2013,"	-1E-030","	2.2","	16.6",2.45714
5/10/2013,"	-1E-030","	0","	15.7",1.82857
5/11/2013,"	24.5","	0.4","	14.8",3.82857
5/12/2013,"	21.1","	0","	14.6",3.11429
5/13/2013,"	19","	0","	14",4.67143
5/14/2013,"	18.5","	0","	14.1",3.9
5/15/2013,"	18.2","	30.7","	13.3",1.95714
5/16/2013,"	29.6","	31.2","	12",1.61429
5/17/2013,"	33.6","	7.5","	10.2",1.88571
5/18/2013,"	39","	44.4","	8.2",0.785714
5/19/2013,"	59.4","	3","	8.9",1.54286
5/20/2013,"	35.1","	0","	10.9",3.08571
5/21/2013,"	28.9","	0","	12",3.61429
5/22/2013,"	26.6","	13.9","	12.1",3.62857
5/23/2013,"	24.1","	0","	13.4",4.62857
5/24/2013,"	22.1","	0.2","	10.2",2.97143
5/25/2013,"	20.3","	8","	7.3",1.75714
5/26/2013,"	18.6","	0","	10.6",4.25714
5/27/2013,"	17.6","	0","	12.2",4
5/28/2013,"	17.2","	6.8","	11.7",1.9
5/29/2013,"	17.3","	0","	12.1",3.57143
5/30/2013,"	16.6","	1","	9.4",3.15714
5/31/2013,"	15.8","	0","	12.1",4.07143
6/1/2013,"	15.2","	0","	14.8",4.22857
6/2/2013,"	16","	0","	17",4.57143
6/3/2013,"	18.5","	15.2","	13.8",2.42857
6/4/2013,"	18.7","	0.2","	13.9",3.64286
6/5/2013,"	17","	0","	15.3",3.77143
6/6/2013,"	18","	0.4","	15.8",4.44286
6/7/2013,"	17.9","	4.4","	15.7",3.92857
6/8/2013,"	18.5","	0","	15.9",3.42857
6/9/2013,"	19.2","	12.3","	12.1",1.97143
6/10/2013,"	19.8","	3","	13.4",3.18571
6/11/2013,"	18.9","	0.2","	16",4.74286
6/12/2013,"	18.8","	0","	18.5",4.58571
6/13/2013,"	20.1","	0","	19.8",5.15714
6/14/2013,"	21.7","	0","	19.6",4.94286
6/15/2013,"	23.7","	0.4","	20.2",4.12857
6/16/2013,"	25.3","	0","	19.6",4.95714
6/17/2013,"	26.8","	0","	22.7",6.12857
6/18/2013,"	25.9","	0","	24.3",7.4
6/19/2013,"	24.9","	2.2","	22.6",6.48571
6/20/2013,"	25.3","	2","	17.8",2.24286
6/21/2013,"	22.1","	0","	18.2",4.58571
6/22/2013,"	19","	0.2","	19",4.07143
6/23/2013,"	17.2","	0","	18.7",4.87143
6/24/2013,"	17.1","	0.6","	16.8",4.37143
6/25/2013,"	16","	0","	17.1",4.6
6/26/2013,"	13.9","	0.2","	16.5",3.72857
6/27/2013,"	14.3","	6.7","	14.4",2.54286
6/28/2013,"	14","	0.6","	13.8",3.38571
6/29/2013,"	12.7","	0","	15.8",3.12857
6/30/2013,"	12.9","	0","	18.1",4.57143
7/1/2013,"	13.1","	1.6","	17.4",3.25714
7/2/2013,"	15.9","	0","	18.5",5.37143
7/3/2013,"	15.3","	0","	19.1",2.68571
7/4/2013,"	14.5","	0","	19.9",4.95714
7/5/2013,"	14.3","	0","	21.8",5.31429
7/6/2013,"	14.8","	8.2","	20.8",5.32857
7/7/2013,"	14.9","	0","	20.3",4.64286
7/8/2013,"	14.5","	9.9","	19.8",4.54286
7/9/2013,"	14.7","	0.6","	18.4",3.75714
7/10/2013,"	14.3","	3.4","	18.5",2.48571
7/11/2013,"	13.9","	0","	19.7",4.68571
7/12/2013,"	12.1","	0","	20.3",4.82857
7/13/2013,"	11.6","	0.2","	21.8",4.95714
7/14/2013,"	11.6","	16.2","	18.6",2.91429
7/15/2013,"	11.6","	0","	20.4",5.72857
7/16/2013,"	10.5","	0","	22.5",4.97143
7/17/2013,"	11.2","	2.2","	19.1",3.41429
7/18/2013,"	12.4","	9.9","	18.2",2.35714
7/19/2013,"	13.3","	2.8","	18.8",2.28571
7/20/2013,"	12.5","	1.6","	18.8",4.88571
7/21/2013,"	11.4","	0","	21",6.05714
7/22/2013,"	10.3","	0.2","	20.9",4.04286
7/23/2013,"	10.2","	0","	21.6",5.84286
7/24/2013,"	11.3","	0.6","	21.1",4.87143
7/25/2013,"	9.97","	0","	22.5",5.57143
7/26/2013,"	9.19","	0.2","	23.5",4.38571
7/27/2013,"	8.67","	0","	23.9",6.67143
7/28/2013,"	8.66","	36.8","	23.9",7.22857
7/29/2013,"	15.2","	2.5","	19.7",3.54286
7/30/2013,"	12.1","	0","	20",5.88571
7/31/2013,"	9.25","	0","	21.4",6.25714
8/1/2013,"	8.86","	0.2","	22.5",5.98571
8/2/2013,"	8.73","	0","	22.9",6.58571
8/3/2013,"	8.17","	0","	23.7",6.78571
8/4/2013,"	7.53","	0","	23.7",6.94286
8/5/2013,"	6.95","	0","	23.6",6.82857
8/6/2013,"	6.47","	0","	23.1",6.61429
8/7/2013,"	6.34","	0","	21.8",6
8/8/2013,"	6.37","	4.6","	19.7",2.72857
8/9/2013,"	6.58","	0","	20.1",4.14286
8/10/2013,"	6.18","	0.2","	20.9",6.04286
8/11/2013,"	5.58","	0","	21.5",5.55714
8/12/2013,"	5.47","	0","	21.6",5.51429
8/13/2013,"	5.45","	0.2","	20.9",4.82857
8/14/2013,"	5.31","	3.8","	19.2",4.77143
8/15/2013,"	5.26","	0","	20.9",4.34286
8/16/2013,"	5.24","	0","	21.1",4
8/17/2013,"	4.61","	0.2","	21.2",3.21429
8/18/2013,"	4.57","	0","	21.3",4.07143
8/19/2013,"	4.43","	0.2","	21.7",3.02857
8/20/2013,"	4.39","	0","	20.3",5.57143
8/21/2013,"	3.89","	0","	19.7",5.5
8/22/2013,"	3.77","	0","	20.2",5.02857
8/23/2013,"	3.68","	0","	21.1",4.54286
8/24/2013,"	4.14","	2","	19.3",3.31429
8/25/2013,"	5.8","	0.2","	18",4.01429
8/26/2013,"	4.74","	0.4","	16.6",2.94286
8/27/2013,"	4.93","	16.6","	15.7",1.91429
8/28/2013,"	5.34","	0","	17.1",3.54286
8/29/2013,"	4.72","	3.2","	17.5",3.51429
8/30/2013,"	4.38","	0.2","	18.7",2.77143
8/31/2013,"	4.22","	0","	19.5",3.12857
9/1/2013,"	4.09","	0","	19.5",3.6
9/2/2013,"	4.06","	0.2","	19.7",3.45714
9/3/2013,"	3.63","	0","	20.2",5.21429
9/4/2013,"	3.82","	0","	20.7",5.18571
9/5/2013,"	3.33","	0","	20.6",5.02857
9/6/2013,"	3.24","	0","	19.8",3.37143
9/7/2013,"	3.69","	4","	20.5",2.84286
9/8/2013,"	3.64","	9.1","	18.5",1.72857
9/9/2013,"	3.82","	0","	18.1",4.42857
9/10/2013,"	3.73","	0.2","	17.4",3.47143
9/11/2013,"	3.63","	0.8","	14.7",2.05714
9/12/2013,"	3.55","	0.2","	14.8",2.4
9/13/2013,"	3.29","	0.2","	15.6",3.14286
9/14/2013,"	2.97","	0.8","	16.1",3.37143
9/15/2013,"	3.03","	4.9","	14.6",1.67143
9/16/2013,"	3.22","	0.2","	14.2",2.6
9/17/2013,"	3.37","	0","	14",3.61429
9/18/2013,"	3.04","	0.2","	16.5",3.68571
9/19/2013,"	2.9","	0","	16.8",3.92857
9/20/2013,"	2.78","	0","	16.7",3.8
9/21/2013,"	2.71","	0.2","	16.9",3.8
9/22/2013,"	2.59","	0","	17.4",3.31429
9/23/2013,"	2.33","	0.2","	17.6",3.45714
9/24/2013,"	2.43","	0.2","	16.8",3.61429
9/25/2013,"	2.63","	0","	17",3.02857
9/26/2013,"	2.28","	0.2","	17.9",3.04286
9/27/2013,"	2.18","	0","	18",3.31429
9/28/2013,"	2.15","	0","	18.1",2.81429
9/29/2013,"	2.79","	21.3","	13.5",1.04286
9/30/2013,"	2.65","	0","	15.3",2.2
10/1/2013,"	3.52","	0","	16.8",2.1
10/2/2013,"	2.62","	0","	17.3",2.37143
10/3/2013,"	3.21","	0.4","	16.9",1.7
10/4/2013,"	2.04","	15.6","	17",2.27143
10/5/2013,"	4.49","	0","	15.3",1.65714
10/6/2013,"	4.22","	7.3","	14.8",1.41429
10/7/2013,"	4.07","	1.6","	14.5",1.42857
10/8/2013,"	9.65","	0.2","	14.9",1.58571
10/9/2013,"	6.09","	1","	14.7",1.47143
10/10/2013,"	5.67","	0.2","	13.3",2.01429
10/11/2013,"	4.53","	0","	9.2",2.15714
10/12/2013,"	3.45","	0","	9.3",2.08571
10/13/2013,"	3.12","	0.2","	10.9",1.45714
10/14/2013,"	3.24","	1.2","	11.4",0.714286
10/15/2013,"	3.19","	0.2","	10.2",1.27143
10/16/2013,"	2.65","	0.2","	14",3.05714
10/17/2013,"	2.74","	0.2","	14.5",2.62857
10/18/2013,"	2.23","	0","	13.7",2.48571
10/19/2013,"	2.64","	0.2","	14.6",1.62857
10/20/2013,"	2.45","	0.2","	14.4",0.971429
10/21/2013,"	2.59","	0.2","	14.8",1.61429
10/22/2013,"	2.55","	0","	16.3",1.67143
10/23/2013,"	6.29","	30.6","	15.1",0.7
10/24/2013,"	10.7","	0.2","	14.2",1.58571
10/25/2013,"	5.26","	0.2","	14.5",1.64286
10/26/2013,"	4","	0.2","	14.9",2.21429
10/27/2013,"	4.07","	0.4","	14.8",1.72857
10/28/2013,"	3.69","	0","	14.4",2.72857
10/29/2013,"	3.35","	4.8","	13",0.628571
10/30/2013,"	3.55","	0.2","	11.8",1.25714
10/31/2013,"	3.85","	0.6","	13.5",1.7
11/1/2013,"	3.68","	0","	12.7",1.27143
11/2/2013,"	3.51","	0","	13.2",1.07143
11/3/2013,"	3.24","	0","	13.1",2.92857
11/4/2013,"	3.12","	6.9","	7.4",1
11/5/2013,"	3.04","	0","	8.1",2.01429
11/6/2013,"	3.04","	0.2","	11.4",2.84286
11/7/2013,"	2.94","	0","	12.4",2.5
11/8/2013,"	2.77","	0","	11.5",1.17143
11/9/2013,"	2.38","	0","	11.7",2.28571
11/10/2013,"	2.21","	0","	10",2.3
11/11/2013,"	2.63","	0","	11.2",3.44286
11/12/2013,"	2.45","	0","	12",2.5
11/13/2013,"	2.44","	0","	11.4",1.64286
11/14/2013,"	2.52","	7.7","	10.6",1.18571
11/15/2013,"	2.72","	0","	5.5",1.3
11/16/2013,"	2.38","	0","	9.9",1.32857
11/17/2013,"	2.35","	0.6","	8.5",1.17143
11/18/2013,"	2.35","	13.3","	8.9",0.942857
11/19/2013,"	3.26","	5.6","	6.8",0.714286
11/20/2013,"	3.07","	2.4","	5.2",0.614286
11/21/2013,"	2.96","	3","	1.8",0.4
11/22/2013,"	2.74","	0","	-0.1",0.757143
11/23/2013,"	2.47","	0","	2.9",0.728571
11/24/2013,"	2.45","	0","	5",0.971429
11/25/2013,"	2.49","	0","	5.2",1.48571
11/26/2013,"	2.42","	0","	4.6",1.08571
11/27/2013,"	2.3","	0","	2",1.04286
11/28/2013,"	2.13","	0","	1.4",1.25714
11/29/2013,"	2.02","	0","	1.8",1.52857
11/30/2013,"	2.11","	1","	2.1",0.942857
12/1/2013,"	2.17","	0","	5.6",2.24286
12/2/2013,"	2","	0","	11.5",3.04286
12/3/2013,"	1.7","	0","	7.4",2.84286
12/4/2013,"	1.45","	0","	5.7",2.5
12/5/2013,"	1.53","	0","	4.8",2.18571
12/6/2013,"	2","	0","	5",1.84286
12/7/2013,"	2.15","	0","	5.5",1.92857
12/8/2013,"	1.94","	0","	5.4",1.04286
12/9/2013,"	1.96","	0","	4.6",1.41429
12/10/2013,"	1.89","	0.2","	4.9",2.01429
12/11/2013,"	2.06","	0","	5.7",1.84286
12/12/2013,"	1.95","	0","	4",1.24286
12/13/2013,"	2.08","	0","	3.5",1.2
12/14/2013,"	2.03","	0","	3.4",1.28571
12/15/2013,"	2.05","	0","	4.5",1.45714
12/16/2013,"	2.05","	0","	5.3",1.92857
12/17/2013,"	2.41","	0","	5.6",1.98571
12/18/2013,"	1.99","	0","	4.1",1.3
12/19/2013,"	2.44","	54.5","	4.2",0.471429
12/20/2013,"	12.1","	5.4","	6.1",0.371429
12/21/2013,"	6.35","	9.3","	8.5",0.628571
12/22/2013,"	4.43","	0.8","	7.6",0.371429
12/23/2013,"	4.12","	1.2","	6",0.528571
12/24/2013,"	4.53","	60.9","	7.1",0.414286
12/25/2013,"	76.3","	122.3","	8.5",0.457143
12/26/2013,"	53.9","	2.4","	5.6",0.385714
12/27/2013,"	21.6","	0","	4.9",1.1
12/28/2013,"	14","	7.1","	4.5",0.5
12/29/2013,"	14.5","	0","	4.5",1
12/30/2013,"	10.9","	0","	2.3",1.31429
12/31/2013,"	8.91","	0","	1.8",1.07143
1/1/2014,"	7.45","	3","	3.6",0.857143
1/2/2014,"	7.42","	3","	4.7",0.271429
1/3/2014,"	6.77","	1.4","	4.8",0.357143
1/4/2014,"	26.1","	44.7","	8",0.328571
1/5/2014,"	41.6","	1.2","	6.1",0.971429
1/6/2014,"	21.1","	0","	4.7",1.25714
1/7/2014,"	14.5","	0","	6.2",0.742857
1/8/2014,"	12","	0","	6.2",0.942857
1/9/2014,"	10.5","	0","	5.5",1.64286
1/10/2014,"	9.14","	0","	5.7",1.38571
1/11/2014,"	8.21","	0","	7",0.671429
1/12/2014,"	7.77","	0","	6.1",0.771429
1/13/2014,"	7.55","	13.1","	5.4",0.628571
1/14/2014,"	8.26","	0","	5.4",0.6
1/15/2014,"	7.88","	0","	3.6",1.01429
1/16/2014,"	10.3","	55.9","	4",0.542857
1/17/2014,"	44.3","	11.3","	5.8",0.371429
1/18/2014,"	32.7","	39.3","	4.9",0.342857
1/19/2014,"	51","	11.1","	5.6",0.4
1/20/2014,"	32.9","	0","	6.7",0.442857
1/21/2014,"	23.1","	0.2","	6.5",0.828571
1/22/2014,"	17.5","	1.2","	6.1",0.557143
1/23/2014,"	14.8","	0","	5.5",0.414286
1/24/2014,"	13","	0","	4.5",1.57143
1/25/2014,"	11.5","	0","	3.4",1.87143
1/26/2014,"	10.5","	0","	7.2",2.15714
1/27/2014,"	9.84","	0","	4.6",0.971429
1/28/2014,"	9.28","	0","	2.3",0.871429
1/29/2014,"	9.19","	2","	1.4",0.3
1/30/2014,"	9.24","	17.7","	1.9",0.457143
1/31/2014,"	9.12","	1.4","	4.4",0.685714
2/1/2014,"	9.46","	1.6","	2.3",0.614286
2/2/2014,"	8.71","	5.2","	3.8",0.4
2/3/2014,"	8.49","	5.6","	4.8",0.414286
2/4/2014,"	9.21","	15.3","	2.4",0.4
2/5/2014,"	11.5","	18","	2.1",0.371429
2/6/2014,"	12.4","	0.8","	3.8",1.17143
2/7/2014,"	13.5","	14.9","	4.4",0.371429
2/8/2014,"	14.1","	11.5","	2.5",0.571429
2/9/2014,"	14","	8.3","	4.8",1.6
2/10/2014,"	15","	18.1","	3.4",0.414286
2/11/2014,"	18.2","	0","	5.3",0.9
2/12/2014,"	14.3","	0","	5.4",1.87143
2/13/2014,"	12.2","	0","	4.9",1.22857
2/14/2014,"	10.5","	0.2","	7.1",1.65714
2/15/2014,"	10.4","	0.6","	8.1",0.614286
2/16/2014,"	10.8","	11.3","	8.2",0.457143
2/17/2014,"	13","	0","	8.5",1.08571
2/18/2014,"	11.7","	0","	8.3",1.52857
2/19/2014,"	10.6","	2.2","	9.4",0.814286
2/20/2014,"	10.7","	0","	8.5",1.5
2/21/2014,"	9.56","	0","	7.3",0.6
2/22/2014,"	9.16","	0","	6.2",1.84286
2/23/2014,"	8.59","	0","	5.9",1.88571
2/24/2014,"	8.24","	0","	5.9",1.55714
2/25/2014,"	8.38","	12.7","	6",0.971429
2/26/2014,"	9.15","	10.3","	3.9",0.5
2/27/2014,"	9.12","	0","	4.3",1.22857
2/28/2014,"	9.03","	20.4","	2.2",0.585714
3/1/2014,"	9.52","	0","	4.5",0.571429
3/2/2014,"	10.4","	0","	6.3",1.12857
3/3/2014,"	10.1","	7.7","	2.6",0.471429
3/4/2014,"	9.82","	0","	5.5",0.685714
3/5/2014,"	9.27","	0","	6.1",1.81429
3/6/2014,"	8.82","	0","	8.2",2.37143
3/7/2014,"	8.11","	0","	8.6",2.77143
3/8/2014,"	8.49","	0","	9",3.37143
3/9/2014,"	8.04","	0","	8.9",3.28571
3/10/2014,"	7.83","	0","	7.8",1.97143
3/11/2014,"	7.53","	0","	7.7",2.37143
3/12/2014,"	7.49","	0","	7.4",2.6
3/13/2014,"	7.67","	0","	8.7",2.92857
3/14/2014,"	7.61","	0","	10",3.24286
3/15/2014,"	8","	0","	10.8",2.45714
3/16/2014,"	8.44","	0","	12.8",3.52857
3/17/2014,"	9.48","	0","	12.9",3.68571
3/18/2014,"	11.1","	0","	10.3",2.75714
3/19/2014,"	12.1","	0","	12.1",2.61429
3/20/2014,"	12.1","	0","	11.8",2.52857
3/21/2014,"	11.7","	0","	10.2",1.7
3/22/2014,"	12.6","	36.3","	7.9",0.614286
3/23/2014,"	16.2","	0","	7.3",1.42857
3/24/2014,"	12.4","	0","	5.9",2.67143
3/25/2014,"	10.5","	2.2","	5.9",1.01429
3/26/2014,"	9.41","	0","	6.7",1.11429
3/27/2014,"	8.79","	0","	7.3",1.21429
3/28/2014,"	8.11","	0","	8.6",2.35714
3/29/2014,"	7.72","	0","	11.7",2.92857
3/30/2014,"	7.71","	0","	11.8",3.44286
3/31/2014,"	7.76","	0","	10.7",2.55714
4/1/2014,"	7.93","	0","	10.4",1.85714
4/2/2014,"	7.96","	0","	11.7",1.97143
4/3/2014,"	8.85","	0.2","	13.1",2.14286
4/4/2014,"	8.06","	0","	12.2",1.61429
4/5/2014,"	7.86","	0","	13.5",2.02857
4/6/2014,"	8.65","	0","	14.1",2.6
4/7/2014,"	9.35","	0","	15.3",3.7
4/8/2014,"	10.4","	0.6","	12.9",1.82857
4/9/2014,"	10.1","	0","	12.9",3.77143
4/10/2014,"	11","	0","	13.3",3.44286
4/11/2014,"	11.9","	0","	11.6",2.68571
4/12/2014,"	12","	0.2","	13.1",2.91429
4/13/2014,"	12","	0","	12.9",2.18571
4/14/2014,"	12.5","	0.2","	13.9",3.6
4/15/2014,"	13.8","	0","	12.6",3.52857
4/16/2014,"	12.9","	0","	9.2",2.28571
4/17/2014,"	12","	0","	10.3",3.28571
4/18/2014,"	11.4","	2.8","	10.7",1.77143
4/19/2014,"	11.1","	0.2","	10.4",1.58571
4/20/2014,"	10.3","	3.2","	9.5",1.51429
4/21/2014,"	9.77","	1","	10.7",1.22857
4/22/2014,"	9.45","	1.4","	10.9",1.64286
4/23/2014,"	9.19","	0.4","	12.5",2.9
4/24/2014,"	9.8","	0","	14.7",3.42857
4/25/2014,"	11","	0","	13.4",2.14286
4/26/2014,"	10.6","	6","	15.2",3.64286
4/27/2014,"	11.2","	2.3","	11",0.885714
4/28/2014,"	11.3","	8.6","	8.7",2.21429
4/29/2014,"	10.4","	0","	12.1",2.61429
4/30/2014,"	9.77","	0","	12.3",3.4
5/1/2014,"	9.5","	2.6","	11.8",3.17143
5/2/2014,"	9.57","	4","	10",1.35714
5/3/2014,"	9.88","	3.4","	13.5",2.78571
5/4/2014,"	9.82","	0","	12.2",3.62857
5/5/2014,"	10.1","	0","	13.7",4.01429
5/6/2014,"	9.75","	0","	14.1",3.67143
5/7/2014,"	10.5","	0","	16.5",3.31429
5/8/2014,"	11.9","	0","	14.3",3.98571
5/9/2014,"	12.1","	0.2","	15.9",4.62857
5/10/2014,"	14","	0","	14.8",4.55714
5/11/2014,"	14","	0","	16.4",3.41429
5/12/2014,"	14.1","	0","	14.2",4.4
5/13/2014,"	13.3","	10.1","	9.6",2.88571
5/14/2014,"	11.5","	0","	11.2",4.77143
5/15/2014,"	10.6","	0","	12",4.52857
5/16/2014,"	9.7","	0","	13.2",5.07143
5/17/2014,"	9.73","	0.4","	13.3",3.58571
5/18/2014,"	9.9","	1","	13.8",3.72857
5/19/2014,"	10","	0","	12.4",1.54286
5/20/2014,"	9.46","	0","	15.6",2.61429
5/21/2014,"	10","	0","	18.4",4.27143
5/22/2014,"	12.6","	17.6","	15",1.88571
5/23/2014,"	18.3","	0.2","	15.3",4.18571
5/24/2014,"	17.2","	0","	14",4.52857
5/25/2014,"	15.6","	0.4","	14.5",3.3
5/26/2014,"	13.4","	1.6","	13.8",2.44286
5/27/2014,"	12.7","	1.2","	12.9",3.3
5/28/2014,"	12","	17.2","	12.9",3.62857
5/29/2014,"	12.1","	1.6","	13.4",3.12857
5/30/2014,"	12.3","	1.8","	13.4",3.31429
5/31/2014,"	12.3","	0.2","	13.2",2.54286
6/1/2014,"	11.8","	17.2","	14.3",3.51429
6/2/2014,"	13.2","	0","	14.4",2.85714
6/3/2014,"	13.3","	13.4","	14.5",3.44286
6/4/2014,"	13.8","	0.2","	15.3",2.27143
6/5/2014,"	13.4","	0","	16.5",5.1
6/6/2014,"	14.4","	0","	17.7",4.15714
6/7/2014,"	16.9","	0.2","	19.8",5.65714
6/8/2014,"	18.2","	0","	22.1",6.92857
6/9/2014,"	20.2","	0","	23.6",7.3
6/10/2014,"	21.5","	1.2","	21.3",6.18571
6/11/2014,"	19.6","	6.3","	21.4",6.28571
6/12/2014,"	17.8","	1.6","	20.7",6.6
6/13/2014,"	17.6","	14.8","	20.2",5.32857
6/14/2014,"	21.1","	26.5","	17.1",3.58571
6/15/2014,"	22","	2.4","	16.3",1.8
6/16/2014,"	22.9","	0","	17.4",2.47143
6/17/2014,"	18.2","	19.5","	15",2.04286
6/18/2014,"	15.4","	0.8","	15.4",1.91429
6/19/2014,"	13.6","	0.4","	17.5",3.05714
6/20/2014,"	12.9","	0.2","	19.2",5.34286
6/21/2014,"	13.6","	0","	20.2",5.27143
6/22/2014,"	14.7","	0","	21.1",4.64286
6/23/2014,"	15.3","	0","	21.6",4.57143
6/24/2014,"	15.8","	39.6","	21.1",5.25714
6/25/2014,"	18.9","	5.5","	19.3",2.14286
6/26/2014,"	15.8","	3.8","	18.5",2.5
6/27/2014,"	13.7","	0.2","	20",3.72857
6/28/2014,"	11.8","	0","	20.1",2.97143
6/29/2014,"	11.8","	1.6","	18.1",2.2
6/30/2014,"	12.1","	0","	18.1",5.64286
7/1/2014,"	11.4","	0.2","	18.8",4.67143
7/2/2014,"	9.97","	0.2","	19.7",3.47143
7/3/2014,"	10.2","	0.4","	21.5",5.58571
7/4/2014,"	10.6","	15.8","	18.9",3.18571
7/5/2014,"	11.1","	0","	20.7",4.44286
7/6/2014,"	10.2","	0.2","	21",4.08571
7/7/2014,"	10.3","	9.6","	20.1",3.55714
7/8/2014,"	10.6","	0.2","	18.8",3.31429
7/9/2014,"	9.61","	13.9","	14.7",3.4
7/10/2014,"	8.06","	0","	17.5",3.75714
7/11/2014,"	7.16","	3.4","	19.4",4.92857
7/12/2014,"	9.44","	7","	17.5",2.41429
7/13/2014,"	9.3","	1.2","	17.9",3.01429
7/14/2014,"	9.54","	5.9","	18.7",2.38571
7/15/2014,"	8.92","	0.2","	20.7",4.77143
7/16/2014,"	8.38","	4.8","	20.2",3.14286
7/17/2014,"	8.51","	0","	21.8",6.05714
7/18/2014,"	7.93","	0.2","	23.3",6.42857
7/19/2014,"	7.99","	0.2","	23.4",4.42857
7/20/2014,"	8.08","	0.4","	20.9",4.78571
7/21/2014,"	7.96","	28.8","	17.6",2.91429
7/22/2014,"	7.15","	0","	19.2",3.84286
7/23/2014,"	7.06","	3","	20.4",3.44286
7/24/2014,"	10.2","	25.9","	19.4",2.38571
7/25/2014,"	10.3","	3","	19.7",3.71429
7/26/2014,"	8.93","	5.9","	18.7",2.25714
7/27/2014,"	9.52","	0","	20.3",4.5
7/28/2014,"	7.69","	2.2","	20.6",5.07143
7/29/2014,"	7.79","	0.2","	17.8",3.67143
7/30/2014,"	7.17","	0","	19.5",4.42857
7/31/2014,"	6.58","	0","	21.8",5.31429
8/1/2014,"	6.59","	0.2","	20.6",4.67143
8/2/2014,"	5.36","	0","	20.9",4.42857
8/3/2014,"	5.15","	0","	20.8",3.24286
8/4/2014,"	5.17","	0.2","	21.6",4.14286
8/5/2014,"	4.78","	0.6","	20.5",4.87143
8/6/2014,"	4.57","	0.2","	20.9",4.7
8/7/2014,"	4.96","	4","	20.5",2.47143
8/8/2014,"	4.59","	0.2","	21.5",3.97143
8/9/2014,"	4.41","	0.2","	22.7",3.94286
8/10/2014,"	4.51","	0","	22.8",5.22857
8/11/2014,"	4.49","	0.2","	22.6",4.8
8/12/2014,"	4.23","	0","	22.7",6.27143
8/13/2014,"	4.55","	11.7","	19",2.41429
8/14/2014,"	4.51","	0","	19",4.42857
8/15/2014,"	4.1","	0","	19",4.98571
8/16/2014,"	4.34","	5.4","	16.6",3.58571
8/17/2014,"	3.71","	0.2","	17.6",4.27143
8/18/2014,"	3.67","	7.5","	19",4.72857
8/19/2014,"	4.48","	0","	20.6",3.98571
8/20/2014,"	4","	0.2","	19.4",4.51429
8/21/2014,"	3.7","	0.2","	18.9",4.68571
8/22/2014,"	3.45","	0.4","	19.1",4.35714
8/23/2014,"	3.31","	0","	20.7",3.47143
8/24/2014,"	3.23","	0","	18.2",4.08571
8/25/2014,"	3.08","	0.2","	18.4",3.37143
8/26/2014,"	3.02","	0.2","	19.6",3.62857
8/27/2014,"	2.93","	0","	22.5",5.71429
8/28/2014,"	2.78","	0.2","	21.6",4.7
8/29/2014,"	2.61","	0.2","	20.8",3.85714
8/30/2014,"	2.63","	0","	21.1",4.1
8/31/2014,"	2.6","	0.2","	20.6",3.81429
9/1/2014,"	2.7","	0","	19.7",5.57143
9/2/2014,"	2.62","	0.2","	19",5.22857
9/3/2014,"	2.59","	0","	18.6",3.88571
9/4/2014,"	2.38","	0","	20.1",3
9/5/2014,"	2.23","	0","	19.5",2.57143
9/6/2014,"	2.19","	1.4","	19.9",3.27143
9/7/2014,"	2.49","	14.1","	19.5",3.24286
9/8/2014,"	3.35","	0.8","	18.6",2.42857
9/9/2014,"	2.83","	3.2","	18.9",3.32857
9/10/2014,"	4.12","	1.8","	18.4",2.85714
9/11/2014,"	3.24","	0","	19.2",2.94286
9/12/2014,"	2.59","	0.2","	18.5",3.22857
9/13/2014,"	2.27","	0","	17.9",3.34286
9/14/2014,"	2.12","	0.2","	18.3",2.98571
9/15/2014,"	2.09","	0.2","	17.3",1.81429
9/16/2014,"	2.26","	0.4","	18.3",2.18571
9/17/2014,"	1.87","	4.8","	18.5",1.84286
9/18/2014,"	0.618","	0","	18.7",1.85714
9/19/2014,"	2.24","	12.4","	19.4",1.5
9/20/2014,"	3.2","	0.4","	20.5",2.64286
9/21/2014,"	3.03","	0.2","	18.4",3.64286
9/22/2014,"	2.45","	0","	18.1",3.67143
9/23/2014,"	2.16","	0.2","	16.6",3.45714
9/24/2014,"	1.98","	0.6","	14.5",1.61429
9/25/2014,"	1.73","	0","	15.4",2.61429
9/26/2014,"	1.71","	0.2","	15.9",3.4
9/27/2014,"	1.68","	0.2","	17.3",3.9
9/28/2014,"	1.68","	0.2","	17.3",3.98571
9/29/2014,"	1.69","	1","	17.5",2.91429
9/30/2014,"	1.75","	5.6","	16.6",1.3
10/1/2014,"	1.87","	0.4","	17.7",1.67143
10/2/2014,"	2.13","	0.2","	18.1",2.65714
10/3/2014,"	2.06","	0","	17.4",2.44286
10/4/2014,"	1.7","	2.2","	16.8",1.78571
10/5/2014,"	1.97","	15.5","	14.9",1.37143
10/6/2014,"	2.38","	0.2","	14.5",2.15714
10/7/2014,"	2.78","	2","	15.5",1
10/8/2014,"	2.24","	0.4","	17.8",1.65714
10/9/2014,"	2.47","	0.4","	17.4",2.58571
10/10/2014,"	2.3","	0","	17.4",2.8
10/11/2014,"	2.19","	3","	15.2",1.48571
10/12/2014,"	2.12","	20.8","	14.9",1.41429
10/13/2014,"	14.1","	54.8","	14.5",0.814286
10/14/2014,"	11.3","	0.8","	13",1.28571
10/15/2014,"	6.98","	0.4","	15.4",1.98571
10/16/2014,"	5.24","	0","	16.3",2.34286
10/17/2014,"	4.01","	0.2","	18.6",2.64286
10/18/2014,"	3.93","	0.2","	18",2.27143
10/19/2014,"	3.8","	0.2","	17",2.32857
10/20/2014,"	3.23","	0.2","	16.8",2.55714
10/21/2014,"	3.32","	0.2","	16.1",3.22857
10/22/2014,"	2.7","	0","	12.4",3.12857
10/23/2014,"	3.01","	0","	10.7",3.2
10/24/2014,"	2.34","	0","	12.3",3.44286
10/25/2014,"	2.63","	0","	12.3",2.07143
10/26/2014,"	2.5","	0","	13.9",1.45714
10/27/2014,"	2.3","	0","	13.2",1.41429
10/28/2014,"	2.21","	0.2","	11.8",1.41429
10/29/2014,"	2.16","	0.2","	9.7",1.75714
10/30/2014,"	2.12","	0","	10.3",1.94286
10/31/2014,"	2.05","	0","	11.2",2.17143
11/1/2014,"	2.06","	0","	12",2.2
11/2/2014,"	2.26","	0","	12.7",1.67143
11/3/2014,"	2.4","	24.3","	11",0.885714
11/4/2014,"	90.6","	182.6","	11.5",0.585714
11/5/2014,"	95.5","	4.6","	10.7",0.371429
11/6/2014,"	28.5","	0","	8.9",1.25714
11/7/2014,"	18.5","	0","	9",1.85714
11/8/2014,"	14.6","	0","	10.2",1.75714
11/9/2014,"	14.7","	45","	8.9",0.7
11/10/2014,"	37.8","	39.4","	11.1",0.5
11/11/2014,"	50.4","	31.6","	10.8",0.528571
11/12/2014,"	42.7","	3.6","	10.4",0.657143
11/13/2014,"	29.1","	0","	10.5",1.11429
11/14/2014,"	23.3","	27.1","	10.2",1
11/15/2014,"	60.7","	49.4","	10.4",0.357143
11/16/2014,"	38.3","	0.8","	8",1.5
11/17/2014,"	26.1","	1","	7.1",0.428571
11/18/2014,"	21.4","	0","	6.8",1.38571
11/19/2014,"	18.7","	0","	7.2",1.6
11/20/2014,"	16.8","	0","	8.8",1.4
11/21/2014,"	14.9","	0","	10.1",1.25714
11/22/2014,"	13.9","	0","	10.9",1.18571
11/23/2014,"	13.3","	0","	12.5",1.3
11/24/2014,"	12.3","	0.2","	12.5",1.37143
11/25/2014,"	12","	38.3","	11.1",0.685714
11/26/2014,"	17.4","	17.7","	11.1",0.571429
11/27/2014,"	23","	10.8","	11",0.685714
11/28/2014,"	24.8","	7.3","	11",0.914286
11/29/2014,"	23.2","	2.2","	12.9",1.41429
11/30/2014,"	21.1","	23.2","	11.7",1.01429
12/1/2014,"	28.4","	4.2","	10.6",0.457143
12/2/2014,"	23.2","	0","	10.1",0.614286
12/3/2014,"	20","	1.2","	10.9",0.757143
12/4/2014,"	18.2","	0.4","	9.7",0.428571
12/5/2014,"	16.2","	0","	8.8",1.01429
12/6/2014,"	15","	0","	7.8",0.614286
12/7/2014,"	14.2","	0","	8.1",0.542857
12/8/2014,"	13.1","	0","	7",1.17143
12/9/2014,"	12.6","	0","	6.6",1.22857
12/10/2014,"	12","	0","	4.4",1.64286
12/11/2014,"	11.4","	0","	5.2",1.65714
12/12/2014,"	11.3","	0","	5.3",1.52857
12/13/2014,"	10.8","	0.6","	7.2",0.671429
12/14/2014,"	-1E-030","	4.8","	7.8",0.3
12/15/2014,"	-1E-030","	3.8","	8.5",0.714286
12/16/2014,"	-1E-030","	0","	7",0.557143
12/17/2014,"	9.6","	0","	5.6",1.32857
12/18/2014,"	9.74","	0","	7",1.27143
12/19/2014,"	8.98","	0","	7.9",1.35714
12/20/2014,"	8.63","	0","	6.7",1.7
12/21/2014,"	8.34","	0","	6.8",1.9
12/22/2014,"	8.07","	0","	5.7",2.04286
12/23/2014,"	7.86","	0","	4.7",2.21429
12/24/2014,"	7.7","	0","	4.5",1.85714
12/25/2014,"	7.54","	0","	4.2",1.7
12/26/2014,"	7.39","	0","	5.3",0.928571
12/27/2014,"	7.25","	1","	2",0.714286
12/28/2014,"	6.95","	0","	2",1.58571
12/29/2014,"	7.82","	0","	4.8",2.08571
12/30/2014,"	8.38","	0","	1.5",1.42857
12/31/2014,"	8.54","	0","	2.8",0.942857
